Liga,Zespół_1,Zespół_2,1,0,2,10,02,12,Data,Wygrany,Bramki_1,Bramki_2
1-portugalia,Moreirense FC,SC Braga,4.1,3.85,1.8,2.0,1.22,1.25,09.09. 19:00,2.0,2.0,3.0
1-niemcy,Bayern M.,Leverkusen,1.59,4.9,4.8,1.2,2.42,1.19,15.09. 20:30,0.0,2.0,2.0
1-belgia,Westerlo,Antwerp,5.2,4.2,1.58,2.32,1.15,1.21,15.09. 20:45,2.0,0.0,3.0
1-francja,PSG,Nice,1.5,4.8,6.0,1.14,2.67,1.2,15.09. 21:00,2.0,2.0,3.0
1-hiszpania,Vallecano,Alaves,1.97,3.3,4.4,1.23,1.9,1.36,15.09. 21:00,1.0,2.0,0.0
1-portugalia,Estrela Amadora,FC Porto,8.4,5.2,1.36,3.2,1.08,1.17,15.09. 20:15,2.0,0.0,1.0
1-niemcy,Freiburg,Dortmund,3.25,3.8,2.13,1.75,1.36,1.29,16.09. 15:30,2.0,2.0,4.0
1-niemcy,1.FC Koln,Hoffenheim,2.21,3.85,3.05,1.4,1.7,1.28,16.09. 15:30,2.0,1.0,3.0
1-niemcy,Mainz,VFB Stuttgart,2.6,3.6,2.65,1.51,1.53,1.31,16.09. 15:30,2.0,1.0,3.0
1-niemcy,Leipzig,Augsburg,1.25,6.8,11.0,1.06,4.2,1.12,16.09. 15:30,1.0,3.0,0.0
1-niemcy,Wolfsburg,Un. Berlin,2.27,3.45,3.2,1.37,1.66,1.33,16.09. 15:30,1.0,2.0,1.0
1-niemcy,Bochum,Eint.Frankfurt,2.95,3.65,2.33,1.63,1.42,1.3,16.09. 18:30,0.0,1.0,1.0
1-anglia,Wolverhampton,Liverpool,6.4,5.0,1.46,2.81,1.13,1.19,16.09. 13:30,2.0,1.0,3.0
1-anglia,Tottenham,Sheffield Utd.,1.28,6.2,10.0,1.06,3.85,1.13,16.09. 16:00,1.0,2.0,1.0
1-anglia,Fulham,Luton Town,1.65,4.1,5.4,1.18,2.33,1.26,16.09. 16:00,1.0,1.0,0.0
1-anglia,Aston Villa,Crystal Palace,1.91,3.75,4.0,1.27,1.94,1.29,16.09. 16:00,1.0,3.0,1.0
1-anglia,Man.United,Brighton,2.2,4.1,2.95,1.43,1.72,1.26,16.09. 16:00,2.0,1.0,3.0
1-anglia,West Ham,Man.City,6.2,4.7,1.5,2.67,1.14,1.21,16.09. 16:00,2.0,1.0,3.0
1-anglia,Newcastle,Brentford,1.53,4.3,6.4,1.13,2.57,1.23,16.09. 18:30,1.0,1.0,0.0
1-belgia,Molenbeek,Cercle Brugge,3.95,3.85,1.83,1.95,1.24,1.25,16.09. 16:00,1.0,2.0,1.0
1-belgia,St.Gilloise,Genk,1.95,3.65,3.65,1.27,1.83,1.27,16.09. 18:15,2.0,0.0,2.0
1-belgia,Club Brugge,Charleroi,1.42,4.9,6.6,1.1,2.81,1.17,16.09. 20:45,1.0,4.0,2.0
1-francja,Rennes,Lille,2.16,3.7,3.25,1.36,1.73,1.3,16.09. 17:00,0.0,2.0,2.0
1-francja,Lens,Metz,1.51,4.6,6.2,1.14,2.64,1.21,16.09. 21:00,2.0,0.0,1.0
1-hiszpania,Bilbao,Cadiz,1.55,4.1,6.6,1.12,2.53,1.26,16.09. 14:00,1.0,3.0,0.0
1-hiszpania,Valencia,Atl. Madryt,3.8,3.4,2.08,1.8,1.29,1.34,16.09. 16:15,1.0,3.0,0.0
1-hiszpania,Celta Vigo,Mallorca,2.0,3.25,4.3,1.24,1.85,1.37,16.09. 18:30,2.0,0.0,1.0
1-hiszpania,Barcelona,Betis,1.39,5.2,7.8,1.1,3.1,1.18,16.09. 21:00,1.0,5.0,0.0
1-holandia,Feyenoord,Heerenveen,1.23,6.6,11.0,1.04,4.15,1.11,16.09. 16:30,1.0,6.0,1.0
1-holandia,Vitesse Arnhem,Waalwijk,1.51,4.5,5.6,1.13,2.5,1.19,16.09. 18:45,2.0,0.0,2.0
1-holandia,Sittard,FC Volendam,1.62,4.2,4.9,1.17,2.26,1.22,16.09. 20:00,1.0,3.0,1.0
1-holandia,PSV Eindhoven,Nijmegen,1.16,7.8,14.0,1.01,5.0,1.07,16.09. 20:00,1.0,4.0,0.0
1-holandia,Heracles,Utrecht,2.55,3.45,2.65,1.47,1.5,1.3,16.09. 21:00,2.0,1.0,3.0
1-portugalia,Rio Ave,FC Famalicao,2.55,3.25,2.75,1.43,1.49,1.32,16.09. 16:30,0.0,1.0,1.0
1-portugalia,Farense,SC Braga,4.6,3.9,1.7,2.11,1.18,1.24,16.09. 19:00,1.0,3.0,1.0
1-portugalia,FC Vizela,SL Benfica,8.0,5.4,1.34,3.2,1.07,1.15,16.09. 21:30,2.0,1.0,2.0
1-niemcy,Heidenheim,Werder B.,2.5,3.9,2.7,1.52,1.6,1.3,17.09. 15:30,1.0,4.0,2.0
1-niemcy,Darmstadt 98,M gladbach,2.6,3.7,2.65,1.53,1.54,1.31,17.09. 17:30,0.0,3.0,3.0
1-anglia,Bournemouth,Chelsea,4.6,4.2,1.74,2.2,1.23,1.26,17.09. 15:00,0.0,0.0,0.0
1-anglia,Everton,Arsenal,6.0,4.6,1.56,2.6,1.16,1.23,17.09. 17:30,2.0,0.0,1.0
1-belgia,Eupen,St.Liege,3.05,3.55,2.3,1.64,1.39,1.31,17.09. 13:30,2.0,1.0,3.0
1-belgia,Kortrijk,Anderlecht,5.2,4.3,1.61,2.35,1.17,1.23,17.09. 16:00,0.0,2.0,2.0
1-belgia,Leuven,Gent,4.2,4.0,1.77,2.05,1.23,1.25,17.09. 18:30,0.0,1.0,1.0
1-belgia,Truidense,Mechelen,2.47,3.4,2.85,1.43,1.55,1.32,17.09. 19:15,1.0,2.0,0.0
1-francja,Lorient,Monaco,4.6,4.0,1.77,2.14,1.23,1.28,17.09. 13:00,0.0,2.0,2.0
1-francja,Strasbourg,Montpellier,2.7,3.45,2.7,1.51,1.51,1.35,17.09. 15:00,0.0,2.0,2.0
1-francja,Clermont,Nantes,1.97,3.65,4.0,1.28,1.91,1.32,17.09. 15:00,2.0,0.0,1.0
1-francja,Reims,Brest,1.96,3.65,4.1,1.28,1.93,1.33,17.09. 15:00,2.0,1.0,2.0
1-francja,Marseille,Toulouse,1.51,5.0,6.4,1.14,2.81,1.2,17.09. 17:05,0.0,0.0,0.0
1-francja,Lyon,Le Havre,1.7,4.2,4.7,1.21,2.22,1.25,17.09. 20:45,0.0,0.0,0.0
1-hiszpania,Getafe,Osasuna,2.75,2.85,3.1,1.4,1.48,1.46,17.09. 14:00,1.0,3.0,2.0
1-hiszpania,Villarreal,Almeria,1.47,5.2,6.2,1.15,2.83,1.19,17.09. 16:15,1.0,2.0,1.0
1-hiszpania,FC Sevilla,UD L.Palmas,1.64,3.85,6.2,1.15,2.38,1.3,17.09. 18:30,1.0,1.0,0.0
1-hiszpania,Real M.,Real Sociedad,1.67,4.0,5.2,1.18,2.26,1.26,17.09. 21:00,1.0,2.0,1.0
1-holandia,Zwolle,G.A.Eagles,2.31,3.55,3.0,1.4,1.63,1.31,17.09. 12:15,0.0,1.0,1.0
1-holandia,SBV Excelsior,Almere City,2.16,3.75,3.1,1.37,1.7,1.27,17.09. 14:30,0.0,0.0,0.0
1-holandia,Tw.Enschede,Ajax,2.5,3.55,2.7,1.47,1.53,1.3,17.09. 14:30,1.0,3.0,1.0
1-holandia,AZ Alkmaar,Sparta Rotterdam,1.48,4.5,6.6,1.11,2.68,1.21,17.09. 16:45,1.0,2.0,0.0
1-portugalia,FC Arouca,Casa Pia,2.37,3.3,3.1,1.38,1.6,1.34,17.09. 16:30,2.0,0.0,1.0
1-portugalia,Gil Vicente FC,Estoril Praia,2.13,3.55,3.35,1.33,1.72,1.3,17.09. 16:30,1.0,5.0,3.0
1-portugalia,Vitoria Guimarares,Portimonense,1.58,4.1,5.8,1.14,2.4,1.24,17.09. 19:00,2.0,1.0,2.0
1-portugalia,Sporting L.,Moreirense FC,1.26,6.0,11.0,1.03,3.9,1.11,17.09. 21:30,1.0,3.0,0.0
1-anglia,Nottingham,Burnley,2.16,3.55,3.4,1.34,1.74,1.32,18.09. 20:45,0.0,1.0,1.0
1-hiszpania,Granada,Girona,2.78,3.4,2.65,1.53,1.49,1.36,18.09. 21:00,2.0,2.0,4.0
1-portugalia,Boavista FC,Chaves,1.67,3.95,4.85,1.17,2.18,1.24,18.09. 21:15,1.0,4.0,1.0
liga-mistrzow,YB Bern,Leipzig,5.4,4.5,1.6,2.45,1.18,1.23,19.09. 18:45,2.0,1.0,3.0
liga-mistrzow,AC Milan,Newcastle,2.6,3.35,2.83,1.46,1.53,1.36,19.09. 18:45,0.0,0.0,0.0
liga-mistrzow,Feyenoord,Celtic,1.6,4.5,5.4,1.18,2.45,1.23,19.09. 21:00,1.0,2.0,0.0
liga-mistrzow,Barcelona,Antwerp,1.19,8.2,14.5,1.04,5.2,1.1,19.09. 21:00,1.0,5.0,0.0
liga-mistrzow,PSG,Dortmund,1.78,4.3,4.1,1.26,2.1,1.24,19.09. 21:00,1.0,2.0,0.0
liga-mistrzow,S.Donieck,FC Porto,4.6,4.0,1.75,2.14,1.22,1.27,19.09. 21:00,2.0,1.0,3.0
liga-mistrzow,Lazio,Atl. Madryt,3.0,3.25,2.5,1.56,1.41,1.36,19.09. 21:00,0.0,1.0,1.0
liga-mistrzow,Man.City,CZ Belgrad,1.07,15.0,35.0,-1.0,10.5,1.03,19.09. 21:00,1.0,3.0,1.0
liga-mistrzow,Real M.,Un. Berlin,1.4,5.0,8.0,1.09,3.1,1.19,20.09. 18:45,1.0,1.0,0.0
liga-mistrzow,Galatasaray,FC Kopenhaga,1.59,4.3,5.6,1.16,2.43,1.24,20.09. 18:45,0.0,2.0,2.0
liga-mistrzow,FC Sevilla,Lens,1.92,3.65,4.1,1.26,1.93,1.31,20.09. 21:00,0.0,1.0,1.0
liga-mistrzow,Real Sociedad,Inter M.,3.05,3.35,2.41,1.6,1.4,1.35,20.09. 21:00,0.0,1.0,1.0
liga-mistrzow,SC Braga,Napoli,4.2,3.9,1.83,2.02,1.25,1.27,20.09. 21:00,2.0,1.0,2.0
liga-mistrzow,Bayern M.,Man.United,1.54,4.8,5.4,1.17,2.54,1.2,20.09. 21:00,2.0,1.0,3.0
liga-mistrzow,SL Benfica,Salzburg,1.44,4.9,7.0,1.11,2.88,1.19,20.09. 21:00,2.0,0.0,2.0
liga-mistrzow,Arsenal,PSV Eindhoven,1.4,5.2,7.4,1.1,3.05,1.18,20.09. 21:00,1.0,4.0,0.0
liga-europy,Servette,Slavia P.,3.85,3.75,2.0,1.9,1.3,1.31,21.09. 18:45,2.0,0.0,2.0
liga-europy,Sheriff Tiraspol,AS Roma,7.4,4.3,1.49,2.72,1.11,1.24,21.09. 18:45,2.0,1.0,2.0
liga-europy,Leverkusen,Hacken,1.13,10.0,19.0,1.01,6.6,1.06,21.09. 18:45,1.0,4.0,0.0
liga-europy,Panathinaikos,Villarreal,2.95,3.45,2.45,1.59,1.43,1.34,21.09. 18:45,1.0,2.0,0.0
liga-europy,St.Gilloise,Toulouse,1.95,3.75,3.8,1.28,1.9,1.29,21.09. 18:45,0.0,1.0,1.0
liga-europy,FK Karabach,Molde,2.47,3.45,2.9,1.44,1.58,1.33,21.09. 18:45,1.0,1.0,0.0
liga-europy,LASK,Liverpool,9.2,6.2,1.3,3.7,1.07,1.14,21.09. 18:45,2.0,1.0,3.0
liga-europy,Rennes,Mac.Haifa,1.48,4.7,6.6,1.13,2.75,1.21,21.09. 18:45,1.0,3.0,0.0
liga-europy,West Ham,Backa Topola,1.12,9.4,21.0,-1.0,6.5,1.06,21.09. 21:00,1.0,3.0,1.0
liga-europy,Olympiakos,Freiburg,2.75,3.45,2.6,1.53,1.48,1.34,21.09. 21:00,2.0,2.0,3.0
liga-europy,Sparta P.,Aris Limassol,1.51,4.8,6.4,1.15,2.74,1.22,21.09. 21:00,1.0,3.0,2.0
liga-europy,A.Bergamo,Raków Cz.,1.27,6.15,11.0,1.05,3.95,1.14,21.09. 21:00,1.0,2.0,0.0
liga-europy,Ajax,Marseille,2.5,3.55,2.8,1.47,1.57,1.32,21.09. 21:00,0.0,3.0,3.0
liga-europy,Gl.Rangers,Betis,2.44,3.4,2.95,1.42,1.58,1.34,21.09. 21:00,1.0,1.0,0.0
liga-europy,Sturm Graz,Sporting L.,3.85,3.65,1.97,1.87,1.28,1.3,21.09. 21:00,2.0,1.0,2.0
liga-europy,Brighton,AEK Ateny,1.2,6.8,14.0,1.02,4.6,1.11,21.09. 21:00,2.0,2.0,3.0
1-niemcy,VFB Stuttgart,Darmstadt 98,1.42,5.2,7.4,1.1,3.05,1.18,22.09. 20:30,1.0,3.0,1.0
1-belgia,St.Liege,Westerlo,1.93,3.9,3.75,1.29,1.91,1.27,22.09. 20:45,0.0,0.0,0.0
1-francja,Monaco,Nice,2.18,3.75,3.2,1.38,1.73,1.3,22.09. 21:00,2.0,0.0,1.0
1-hiszpania,Alaves,Bilbao,3.85,3.2,2.14,1.75,1.28,1.38,22.09. 21:00,2.0,0.0,2.0
1-holandia,G.A.Eagles,Sittard,2.14,3.75,3.15,1.36,1.71,1.27,22.09. 20:00,1.0,3.0,0.0
1-portugalia,FC Famalicao,FC Arouca,2.04,3.4,3.75,1.27,1.78,1.32,22.09. 21:15,1.0,1.0,0.0
1-anglia,Burnley,Man.United,4.1,4.0,1.88,2.02,1.28,1.29,23.09. 21:00,2.0,0.0,1.0
1-belgia,Antwerp,Molenbeek,1.34,5.4,8.4,1.07,3.3,1.16,23.09. 20:45,0.0,0.0,0.0
1-francja,Brest,Lyon,2.65,3.45,2.75,1.5,1.53,1.35,23.09. 21:00,1.0,1.0,0.0
1-hiszpania,Almeria,Valencia,2.8,3.5,2.55,1.56,1.48,1.33,23.09. 21:00,0.0,2.0,2.0
1-holandia,Heerenveen,SBV Excelsior,1.67,4.2,4.7,1.19,2.22,1.23,23.09. 21:00,2.0,0.0,3.0
1-portugalia,FC Porto,Gil Vicente FC,1.24,6.6,11.0,1.04,4.15,1.11,23.09. 21:30,1.0,2.0,1.0
1-portugalia,Sporting L.,Rio Ave,1.2,6.8,13.0,1.02,4.45,1.1,25.09. 21:15,1.0,2.0,0.0
1-francja,Lille,Reims,1.97,3.7,3.8,1.29,1.87,1.3,26.09. 21:00,2.0,1.0,2.0
1-hiszpania,FC Sevilla,Almeria,1.68,4.1,5.2,1.19,2.3,1.27,26.09. 19:00,1.0,5.0,1.0
1-hiszpania,Mallorca,Barcelona,6.6,4.5,1.52,2.68,1.14,1.24,26.09. 21:30,0.0,2.0,2.0
1-belgia,Antwerp,Gent,2.1,3.65,3.35,1.33,1.75,1.29,27.09. 20:45,0.0,0.0,0.0
1-hiszpania,Villarreal,Girona,2.23,3.75,3.2,1.4,1.73,1.31,27.09. 19:00,2.0,1.0,2.0
1-hiszpania,Real M.,UD L.Palmas,1.21,7.0,17.0,1.03,4.95,1.13,27.09. 19:00,1.0,2.0,0.0
1-hiszpania,Bilbao,Getafe,1.67,3.7,6.2,1.15,2.32,1.32,27.09. 19:00,0.0,2.0,2.0
1-hiszpania,Cadiz,Vallecano,2.65,3.15,3.0,1.44,1.54,1.41,27.09. 21:30,0.0,0.0,0.0
1-hiszpania,Valencia,Real Sociedad,2.75,3.1,2.9,1.46,1.5,1.41,27.09. 21:30,2.0,0.0,1.0
1-holandia,PSV Eindhoven,G.A.Eagles,1.17,8.0,14.0,1.02,5.1,1.08,27.09. 18:45,1.0,3.0,0.0
1-holandia,Tw.Enschede,Vitesse Arnhem,1.35,5.4,8.0,1.08,3.2,1.16,27.09. 20:00,1.0,1.0,0.0
1-niemcy,Hoffenheim,Dortmund,2.95,4.1,2.2,1.72,1.43,1.26,29.09. 20:30,2.0,1.0,3.0
1-belgia,Kortrijk,Cercle Brugge,4.5,4.1,1.68,2.15,1.19,1.22,29.09. 20:45,1.0,2.0,1.0
1-francja,Strasbourg,Lens,3.25,3.4,2.3,1.66,1.37,1.35,29.09. 21:00,2.0,0.0,1.0
1-hiszpania,Barcelona,FC Sevilla,1.37,5.4,7.8,1.09,3.2,1.17,29.09. 21:00,1.0,1.0,0.0
1-portugalia,SL Benfica,FC Porto,2.02,3.6,3.5,1.29,1.77,1.28,29.09. 21:15,1.0,1.0,0.0
1-niemcy,Darmstadt 98,Werder B.,3.1,3.8,2.3,1.71,1.43,1.32,01.10. 15:30,1.0,4.0,2.0
1-niemcy,Freiburg,Augsburg,1.77,4.1,4.4,1.24,2.12,1.26,01.10. 17:30,1.0,2.0,0.0
1-belgia,Genk,Westerlo,1.39,5.2,7.0,1.1,2.98,1.16,01.10. 16:00,0.0,3.0,3.0
1-belgia,Club Brugge,Truidense,1.38,5.2,7.6,1.09,3.1,1.17,01.10. 18:30,0.0,1.0,1.0
1-belgia,Molenbeek,Gent,5.0,4.2,1.63,2.28,1.17,1.23,01.10. 19:15,0.0,1.0,1.0
1-francja,Lorient,Montpellier,3.15,3.6,2.31,1.68,1.41,1.33,01.10. 17:05,2.0,0.0,3.0
1-francja,Rennes,Nantes,1.5,4.7,6.2,1.14,2.67,1.21,01.10. 20:45,1.0,3.0,1.0
1-hiszpania,Alaves,Osasuna,2.55,3.05,3.2,1.39,1.56,1.42,01.10. 16:15,2.0,0.0,2.0
1-hiszpania,Atl. Madryt,Cadiz,1.35,4.9,10.0,1.06,3.3,1.19,01.10. 21:00,1.0,3.0,2.0
1-hiszpania,Betis,Valencia,2.2,3.3,3.7,1.32,1.74,1.38,01.10. 21:00,1.0,3.0,0.0
1-holandia,AZ Alkmaar,Sittard,1.36,5.2,8.2,1.08,3.2,1.17,01.10. 16:45,1.0,4.0,0.0
1-portugalia,FC Arouca,Chaves,1.97,3.55,3.85,1.27,1.85,1.3,01.10. 16:30,2.0,0.0,2.0
1-portugalia,Vitoria Guimarares,Estoril Praia,1.85,3.65,4.3,1.23,1.97,1.29,01.10. 19:00,1.0,3.0,2.0
1-portugalia,Rio Ave,Moreirense FC,2.5,3.25,2.95,1.41,1.55,1.35,01.10. 21:30,2.0,0.0,4.0
1-anglia,Fulham,Chelsea,3.45,3.5,2.2,1.74,1.35,1.34,02.10. 21:00,2.0,0.0,2.0
1-hiszpania,UD L.Palmas,Celta Vigo,2.85,3.2,2.75,1.51,1.48,1.4,02.10. 21:00,1.0,2.0,1.0
1-portugalia,Gil Vicente FC,Casa Pia,2.41,3.3,3.0,1.39,1.57,1.34,02.10. 21:15,1.0,2.0,0.0
1-anglia,Luton Town,Burnley,2.85,3.25,2.65,1.52,1.46,1.37,03.10. 20:30,2.0,1.0,2.0
liga-mistrzow,Un. Berlin,SC Braga,1.94,3.7,3.95,1.27,1.91,1.3,03.10. 18:45,2.0,2.0,3.0
liga-mistrzow,Salzburg,Real Sociedad,2.95,3.4,2.45,1.58,1.42,1.34,03.10. 18:45,2.0,0.0,2.0
liga-mistrzow,Lens,Arsenal,5.2,4.2,1.63,2.32,1.17,1.24,03.10. 21:00,1.0,2.0,1.0
liga-mistrzow,Inter M.,SL Benfica,1.77,3.95,4.5,1.22,2.1,1.27,03.10. 21:00,1.0,1.0,0.0
liga-mistrzow,PSV Eindhoven,FC Sevilla,2.0,3.65,3.75,1.29,1.85,1.3,03.10. 21:00,0.0,2.0,2.0
liga-mistrzow,Man.United,Galatasaray,1.46,4.9,6.6,1.12,2.81,1.2,03.10. 21:00,2.0,2.0,3.0
liga-mistrzow,FC Kopenhaga,Bayern M.,12.0,7.2,1.22,4.5,1.04,1.11,03.10. 21:00,2.0,1.0,2.0
liga-mistrzow,Napoli,Real M.,2.6,3.65,2.6,1.52,1.52,1.3,03.10. 21:00,2.0,2.0,3.0
liga-mistrzow,Antwerp,S.Donieck,1.88,3.75,4.2,1.25,1.98,1.3,04.10. 18:45,2.0,2.0,3.0
liga-mistrzow,Atl. Madryt,Feyenoord,1.67,4.1,5.0,1.19,2.25,1.25,04.10. 18:45,1.0,3.0,2.0
liga-mistrzow,Newcastle,PSG,2.55,3.65,2.65,1.5,1.54,1.3,04.10. 21:00,1.0,4.0,1.0
liga-mistrzow,FC Porto,Barcelona,4.2,3.9,1.84,2.02,1.25,1.28,04.10. 21:00,2.0,0.0,1.0
liga-mistrzow,Leipzig,Man.City,4.6,4.1,1.74,2.17,1.22,1.26,04.10. 21:00,2.0,1.0,3.0
liga-mistrzow,Dortmund,AC Milan,2.4,3.55,2.9,1.43,1.6,1.31,04.10. 21:00,0.0,0.0,0.0
liga-mistrzow,Celtic,Lazio,2.95,3.5,2.41,1.6,1.43,1.33,04.10. 21:00,2.0,1.0,2.0
liga-mistrzow,CZ Belgrad,YB Bern,2.11,3.65,3.4,1.34,1.76,1.3,04.10. 21:00,0.0,2.0,2.0
liga-europy,Hacken,FK Karabach,2.6,3.6,2.7,1.51,1.54,1.32,05.10. 21:00,2.0,0.0,1.0
liga-europy,Toulouse,LASK,1.8,3.9,4.4,1.23,2.07,1.27,05.10. 21:00,1.0,1.0,0.0
liga-europy,AS Roma,Servette,1.33,5.6,9.6,1.07,3.55,1.16,05.10. 21:00,1.0,4.0,0.0
liga-europy,Villarreal,Rennes,2.37,3.65,2.95,1.44,1.63,1.31,05.10. 21:00,1.0,1.0,0.0
liga-europy,Slavia P.,Sheriff Tiraspol,1.41,5.0,7.8,1.09,3.05,1.19,05.10. 21:00,1.0,6.0,0.0
liga-europy,Mac.Haifa,Panathinaikos,2.41,3.4,3.0,1.41,1.59,1.34,05.10. 21:00,0.0,0.0,0.0
liga-europy,Molde,Leverkusen,6.6,4.9,1.48,2.81,1.14,1.21,05.10. 21:00,2.0,1.0,2.0
liga-europy,Liverpool,St.Gilloise,1.25,6.8,10.5,1.06,4.15,1.12,05.10. 21:00,1.0,2.0,0.0
1-niemcy,M gladbach,Mainz,2.07,3.85,3.35,1.35,1.8,1.28,06.10. 20:30,0.0,2.0,2.0
1-belgia,Charleroi,Molenbeek,1.9,3.7,3.8,1.25,1.87,1.26,06.10. 20:45,1.0,2.0,1.0
1-francja,Strasbourg,Nantes,2.2,3.4,3.45,1.34,1.71,1.34,06.10. 21:00,2.0,1.0,2.0
1-hiszpania,Bilbao,Almeria,1.41,5.0,7.6,1.1,3.0,1.19,06.10. 21:00,1.0,3.0,0.0
1-holandia,FC Volendam,Utrecht,4.1,4.1,1.74,2.05,1.22,1.22,06.10. 20:00,1.0,1.0,0.0
1-portugalia,Moreirense FC,Boavista FC,2.2,3.45,3.15,1.34,1.65,1.3,06.10. 21:15,0.0,1.0,1.0
1-niemcy,Dortmund,Un. Berlin,1.71,4.2,4.8,1.22,2.24,1.26,07.10. 15:30,1.0,4.0,2.0
1-niemcy,Leipzig,Bochum,1.28,6.6,10.0,1.07,4.0,1.13,07.10. 15:30,0.0,0.0,0.0
1-niemcy,Augsburg,Darmstadt 98,1.83,3.95,4.3,1.25,2.06,1.28,07.10. 15:30,2.0,1.0,2.0
1-niemcy,VFB Stuttgart,Wolfsburg,1.98,3.85,3.8,1.31,1.91,1.3,07.10. 15:30,1.0,3.0,1.0
1-niemcy,Werder B.,Hoffenheim,2.5,3.9,2.65,1.52,1.58,1.29,07.10. 18:30,2.0,2.0,3.0
1-anglia,Luton Town,Tottenham,6.6,5.2,1.45,2.91,1.13,1.19,07.10. 13:30,2.0,0.0,1.0
1-anglia,Fulham,Sheffield Utd.,1.54,4.4,6.4,1.14,2.61,1.24,07.10. 16:00,1.0,3.0,1.0
1-anglia,Man.United,Brentford,1.73,4.2,4.7,1.23,2.22,1.26,07.10. 16:00,1.0,2.0,1.0
1-anglia,Burnley,Chelsea,4.7,3.95,1.78,2.15,1.23,1.29,07.10. 16:00,2.0,1.0,4.0
1-anglia,Everton,Bournemouth,1.92,3.85,4.0,1.28,1.96,1.3,07.10. 16:00,1.0,3.0,0.0
1-anglia,Crystal Palace,Nottingham,2.47,3.2,3.2,1.39,1.6,1.39,07.10. 18:30,0.0,0.0,0.0
1-belgia,Cercle Brugge,Leuven,1.55,4.6,5.2,1.16,2.44,1.19,07.10. 16:00,1.0,3.0,2.0
1-belgia,Westerlo,Kortrijk,1.9,3.95,3.7,1.28,1.91,1.26,07.10. 18:15,1.0,1.0,0.0
1-belgia,Anderlecht,Mechelen,1.73,4.1,4.4,1.22,2.12,1.24,07.10. 20:45,1.0,3.0,1.0
1-francja,Metz,Nice,6.0,4.0,1.63,2.4,1.16,1.28,07.10. 17:00,2.0,0.0,1.0
1-francja,Reims,Monaco,2.65,3.65,2.65,1.54,1.54,1.33,07.10. 21:00,2.0,1.0,3.0
1-hiszpania,Cadiz,Girona,3.25,3.45,2.25,1.67,1.36,1.33,07.10. 14:00,2.0,0.0,1.0
1-hiszpania,Real M.,Osasuna,1.34,5.8,9.4,1.08,3.6,1.17,07.10. 16:15,1.0,4.0,0.0
1-hiszpania,Mallorca,Valencia,2.55,3.0,3.3,1.38,1.57,1.44,07.10. 18:30,0.0,1.0,1.0
1-hiszpania,FC Sevilla,Vallecano,1.78,3.8,4.6,1.21,2.08,1.28,07.10. 21:00,0.0,2.0,2.0
1-holandia,Heerenveen,Nijmegen,2.12,3.55,3.4,1.33,1.74,1.31,07.10. 16:30,0.0,1.0,1.0
1-holandia,Almere City,Waalwijk,2.34,3.7,2.85,1.43,1.61,1.28,07.10. 18:45,1.0,1.0,0.0
1-holandia,G.A.Eagles,Heracles,1.82,3.95,4.1,1.25,2.01,1.26,07.10. 20:00,1.0,4.0,0.0
1-holandia,Vitesse Arnhem,SBV Excelsior,1.75,4.1,4.2,1.23,2.07,1.24,07.10. 21:00,0.0,0.0,0.0
1-portugalia,Farense,FC Vizela,2.27,3.4,3.15,1.36,1.64,1.32,07.10. 16:30,0.0,0.0,0.0
1-portugalia,Chaves,Gil Vicente FC,2.65,3.4,2.6,1.49,1.47,1.31,07.10. 16:30,1.0,4.0,2.0
1-portugalia,SC Braga,Rio Ave,1.31,5.6,9.2,1.06,3.5,1.15,07.10. 19:00,1.0,2.0,1.0
1-portugalia,Estoril Praia,SL Benfica,8.8,5.8,1.3,3.5,1.06,1.13,07.10. 21:30,2.0,0.0,1.0
1-niemcy,Leverkusen,1.FC Koln,1.32,6.0,9.0,1.08,3.6,1.15,08.10. 15:30,1.0,3.0,0.0
1-niemcy,Bayern M.,Freiburg,1.15,9.0,16.0,1.02,5.8,1.07,08.10. 17:30,1.0,3.0,0.0
1-niemcy,Eint.Frankfurt,Heidenheim,1.82,3.95,4.2,1.25,2.04,1.27,08.10. 19:30,1.0,2.0,0.0
1-anglia,Wolverhampton,Aston Villa,3.4,3.65,2.12,1.76,1.34,1.31,08.10. 15:00,0.0,1.0,1.0
1-anglia,West Ham,Newcastle,3.4,3.75,2.1,1.78,1.34,1.29,08.10. 15:00,0.0,2.0,2.0
1-anglia,Brighton,Liverpool,3.15,4.0,2.1,1.76,1.38,1.26,08.10. 15:00,0.0,2.0,2.0
1-anglia,Arsenal,Man.City,2.9,3.45,2.46,1.58,1.44,1.33,08.10. 17:30,1.0,1.0,0.0
1-belgia,St.Liege,Club Brugge,4.6,4.0,1.68,2.14,1.18,1.23,08.10. 13:30,1.0,2.0,1.0
1-belgia,Antwerp,Eupen,1.25,6.2,10.0,1.04,3.85,1.11,08.10. 16:00,1.0,4.0,1.0
1-belgia,Gent,Genk,2.08,3.7,3.25,1.33,1.73,1.27,08.10. 18:30,0.0,1.0,1.0
1-belgia,Truidense,St.Gilloise,4.0,3.75,1.85,1.94,1.24,1.26,08.10. 19:15,2.0,0.0,4.0
1-francja,Marseille,Le Havre,1.46,4.8,6.8,1.12,2.81,1.2,08.10. 13:00,1.0,3.0,0.0
1-francja,Brest,Toulouse,1.84,3.8,4.3,1.24,2.02,1.29,08.10. 15:00,0.0,1.0,1.0
1-francja,Lyon,Lorient,1.71,4.1,4.7,1.21,2.2,1.25,08.10. 15:00,0.0,3.0,3.0
1-francja,Montpellier,Clermont,1.82,3.95,4.2,1.25,2.04,1.27,08.10. 15:00,1.0,4.0,2.0
1-francja,Lens,Lille,2.24,3.5,3.25,1.37,1.7,1.33,08.10. 17:05,0.0,1.0,1.0
1-francja,Rennes,PSG,3.5,3.6,2.11,1.77,1.33,1.32,08.10. 20:45,2.0,1.0,3.0
1-hiszpania,Villarreal,UD L.Palmas,1.64,4.1,5.4,1.17,2.33,1.26,08.10. 14:00,2.0,1.0,2.0
1-hiszpania,Atl. Madryt,Real Sociedad,1.92,3.5,4.3,1.24,1.93,1.33,08.10. 16:15,1.0,2.0,1.0
1-hiszpania,Celta Vigo,Getafe,2.1,3.2,4.0,1.26,1.78,1.37,08.10. 18:30,0.0,2.0,2.0
1-hiszpania,Alaves,Betis,2.8,3.2,2.7,1.49,1.46,1.37,08.10. 18:30,0.0,1.0,1.0
1-hiszpania,Granada,Barcelona,7.0,5.4,1.4,3.05,1.11,1.17,08.10. 21:00,0.0,2.0,2.0
1-holandia,Zwolle,Feyenoord,8.4,6.0,1.29,3.5,1.06,1.12,08.10. 12:15,2.0,0.0,2.0
1-holandia,Ajax,AZ Alkmaar,2.26,3.75,2.85,1.41,1.62,1.26,08.10. 14:30,2.0,1.0,2.0
1-holandia,Sittard,Tw.Enschede,3.6,3.9,1.91,1.87,1.28,1.25,08.10. 14:30,2.0,0.0,3.0
1-holandia,Sparta Rotterdam,PSV Eindhoven,7.6,5.4,1.35,3.15,1.08,1.15,08.10. 16:45,2.0,0.0,4.0
1-portugalia,FC Famalicao,Vitoria Guimarares,2.55,3.2,2.8,1.42,1.49,1.33,08.10. 16:30,2.0,1.0,3.0
1-portugalia,Casa Pia,Estrela Amadora,2.0,3.4,3.8,1.26,1.8,1.31,08.10. 16:30,2.0,0.0,1.0
1-portugalia,FC Porto,Portimonense,1.16,7.4,17.0,-1.0,5.2,1.09,08.10. 19:00,1.0,1.0,0.0
1-portugalia,Sporting L.,FC Arouca,1.24,6.0,11.0,1.03,3.9,1.11,08.10. 21:30,1.0,2.0,1.0
1-niemcy,Dortmund,Werder B.,1.33,6.2,8.0,1.1,3.5,1.14,20.10. 20:30,1.0,1.0,0.0
1-belgia,St.Gilloise,Eupen,1.2,6.8,13.0,1.02,4.45,1.1,20.10. 20:45,1.0,4.0,1.0
1-francja,Le Havre,Lens,4.7,3.65,1.8,2.05,1.21,1.3,20.10. 21:00,0.0,0.0,0.0
1-hiszpania,Osasuna,Granada,1.75,3.85,4.8,1.2,2.14,1.28,20.10. 21:00,1.0,2.0,0.0
1-niemcy,Freiburg,Bochum,1.7,4.0,5.0,1.19,2.22,1.26,21.10. 15:30,1.0,2.0,1.0
1-niemcy,Darmstadt 98,Leipzig,6.0,4.8,1.5,2.67,1.14,1.2,21.10. 15:30,2.0,1.0,3.0
1-niemcy,Hoffenheim,Eint.Frankfurt,2.14,3.65,3.35,1.35,1.75,1.31,21.10. 15:30,2.0,1.0,3.0
1-niemcy,Un. Berlin,VFB Stuttgart,2.55,3.6,2.7,1.49,1.54,1.31,21.10. 15:30,2.0,0.0,3.0
1-niemcy,Wolfsburg,Leverkusen,4.4,4.2,1.74,2.15,1.23,1.25,21.10. 15:30,2.0,1.0,2.0
1-niemcy,Mainz,Bayern M.,9.4,6.6,1.28,3.9,1.07,1.13,21.10. 18:30,2.0,1.0,3.0
1-anglia,Liverpool,Everton,1.39,5.6,7.0,1.11,3.1,1.16,21.10. 13:30,1.0,2.0,0.0
1-anglia,Bournemouth,Wolverhampton,2.4,3.5,2.95,1.42,1.6,1.32,21.10. 16:00,2.0,1.0,2.0
1-anglia,Man.City,Brighton,1.4,5.4,7.2,1.11,3.1,1.17,21.10. 16:00,1.0,2.0,1.0
1-anglia,Newcastle,Crystal Palace,1.46,4.6,7.4,1.11,2.84,1.22,21.10. 16:00,1.0,4.0,0.0
1-anglia,Nottingham,Luton Town,1.74,3.7,5.2,1.18,2.16,1.3,21.10. 16:00,0.0,2.0,2.0
1-anglia,Brentford,Burnley,1.85,3.75,4.3,1.24,2.0,1.29,21.10. 16:00,1.0,3.0,0.0
1-anglia,Chelsea,Arsenal,3.2,3.5,2.27,1.67,1.38,1.33,21.10. 18:30,0.0,2.0,2.0
1-anglia,Sheffield Utd.,Man.United,7.4,5.2,1.41,3.05,1.11,1.18,21.10. 21:00,2.0,1.0,2.0
1-belgia,Kortrijk,Club Brugge,7.2,5.2,1.37,3.0,1.08,1.15,21.10. 16:00,1.0,1.0,0.0
1-belgia,Molenbeek,Westerlo,2.3,3.6,2.85,1.4,1.59,1.27,21.10. 18:15,0.0,1.0,1.0
1-belgia,Charleroi,Antwerp,3.2,3.45,2.17,1.66,1.33,1.29,21.10. 20:45,1.0,3.0,2.0
1-francja,PSG,Strasbourg,1.22,7.0,12.0,1.04,4.4,1.11,21.10. 17:00,1.0,3.0,0.0
1-francja,Nice,Marseille,2.44,3.35,3.0,1.41,1.58,1.35,21.10. 21:00,1.0,1.0,0.0
1-hiszpania,Real Sociedad,Mallorca,1.55,3.95,7.0,1.11,2.53,1.27,21.10. 14:00,1.0,1.0,0.0
1-hiszpania,Getafe,Betis,2.48,3.05,3.2,1.37,1.56,1.4,21.10. 16:15,0.0,1.0,1.0
1-hiszpania,FC Sevilla,Real M.,4.1,3.95,1.84,2.01,1.26,1.27,21.10. 18:30,0.0,1.0,1.0
1-hiszpania,Celta Vigo,Atl. Madryt,3.65,3.45,2.1,1.77,1.31,1.33,21.10. 21:00,2.0,0.0,3.0
1-holandia,Waalwijk,FC Volendam,1.68,4.2,4.4,1.2,2.15,1.22,21.10. 18:45,1.0,2.0,1.0
1-holandia,PSV Eindhoven,Sittard,1.12,9.4,18.0,-1.0,6.2,1.05,21.10. 18:45,1.0,3.0,1.0
1-holandia,Nijmegen,Almere City,1.82,3.8,4.0,1.23,1.95,1.25,21.10. 20:00,0.0,1.0,1.0
1-holandia,AZ Alkmaar,Heerenveen,1.28,5.8,9.4,1.05,3.6,1.13,21.10. 21:00,1.0,3.0,0.0
1-holandia,Feyenoord,Vitesse Arnhem,1.14,8.2,17.0,-1.0,5.5,1.07,21.10. 21:00,1.0,4.0,0.0
1-niemcy,1.FC Koln,M gladbach,2.3,3.8,3.0,1.43,1.68,1.3,22.10. 15:30,1.0,3.0,1.0
1-niemcy,Heidenheim,Augsburg,2.34,3.7,3.0,1.43,1.66,1.31,22.10. 17:30,2.0,2.0,5.0
1-anglia,Aston Villa,West Ham,1.9,4.0,3.95,1.29,2.0,1.28,22.10. 17:30,1.0,4.0,1.0
1-belgia,Genk,Mechelen,1.48,4.8,6.0,1.13,2.67,1.19,22.10. 13:30,1.0,4.0,0.0
1-belgia,Cercle Brugge,Gent,2.65,3.65,2.55,1.54,1.5,1.3,22.10. 16:00,1.0,2.0,0.0
1-belgia,St.Liege,Anderlecht,3.0,3.55,2.3,1.63,1.39,1.3,22.10. 18:30,1.0,3.0,2.0
1-belgia,Leuven,Truidense,2.33,3.75,2.85,1.44,1.62,1.28,22.10. 19:15,1.0,4.0,0.0
1-francja,Lorient,Rennes,3.95,3.75,1.92,1.92,1.27,1.29,22.10. 13:00,1.0,2.0,1.0
1-francja,Toulouse,Reims,2.75,3.5,2.65,1.54,1.51,1.35,22.10. 15:00,0.0,1.0,1.0
1-francja,Lille,Brest,1.8,3.65,5.0,1.21,2.11,1.32,22.10. 15:00,1.0,1.0,0.0
1-francja,Nantes,Montpellier,3.1,3.6,2.33,1.67,1.41,1.33,22.10. 15:00,1.0,2.0,0.0
1-francja,Monaco,Metz,1.36,5.8,8.2,1.1,3.4,1.17,22.10. 17:05,1.0,2.0,1.0
1-francja,Lyon,Clermont,1.87,3.9,4.2,1.26,2.02,1.29,22.10. 20:45,2.0,1.0,2.0
1-hiszpania,UD L.Palmas,Vallecano,2.65,3.1,2.9,1.43,1.5,1.38,22.10. 14:00,2.0,0.0,1.0
1-hiszpania,Girona,Almeria,1.42,5.2,7.4,1.12,3.05,1.19,22.10. 16:15,1.0,5.0,2.0
1-hiszpania,Villarreal,Alaves,1.93,3.7,4.2,1.27,1.97,1.32,22.10. 18:30,0.0,1.0,1.0
1-hiszpania,Barcelona,Bilbao,1.66,4.1,5.2,1.18,2.3,1.26,22.10. 21:00,1.0,1.0,0.0
1-holandia,Utrecht,Ajax,3.85,3.9,1.88,1.94,1.27,1.26,22.10. 12:15,1.0,4.0,3.0
1-holandia,SBV Excelsior,Zwolle,2.35,3.75,2.8,1.44,1.6,1.28,22.10. 14:30,2.0,2.0,4.0
1-holandia,Heracles,Tw.Enschede,5.4,4.4,1.57,2.42,1.16,1.22,22.10. 14:30,0.0,2.0,2.0
1-holandia,G.A.Eagles,Sparta Rotterdam,2.11,3.75,3.25,1.35,1.74,1.28,22.10. 16:45,0.0,0.0,0.0
1-anglia,Tottenham,Fulham,1.49,4.9,6.2,1.14,2.74,1.2,23.10. 21:00,1.0,2.0,0.0
1-hiszpania,Valencia,Cadiz,1.78,3.6,5.0,1.19,2.1,1.31,23.10. 21:00,1.0,2.0,0.0
liga-mistrzow,Galatasaray,Bayern M.,6.3,5.2,1.47,2.85,1.15,1.19,24.10. 18:45,2.0,1.0,3.0
liga-mistrzow,Inter M.,Salzburg,1.28,6.2,11.0,1.07,3.95,1.15,24.10. 18:45,1.0,2.0,1.0
liga-mistrzow,Lens,PSV Eindhoven,2.47,3.7,2.77,1.48,1.58,1.31,24.10. 21:00,0.0,1.0,1.0
liga-mistrzow,Man.United,FC Kopenhaga,1.34,5.6,8.6,1.08,3.4,1.16,24.10. 21:00,1.0,1.0,0.0
liga-mistrzow,SL Benfica,Real Sociedad,2.27,3.45,3.35,1.37,1.7,1.35,24.10. 21:00,2.0,0.0,1.0
liga-mistrzow,SC Braga,Real M.,6.0,5.0,1.48,2.73,1.14,1.19,24.10. 21:00,2.0,1.0,2.0
liga-mistrzow,Un. Berlin,Napoli,4.3,3.85,1.86,2.03,1.25,1.3,24.10. 21:00,2.0,0.0,1.0
liga-mistrzow,FC Sevilla,Arsenal,4.6,3.95,1.77,2.13,1.22,1.28,24.10. 21:00,2.0,1.0,2.0
liga-mistrzow,Feyenoord,Lazio,1.98,3.95,3.7,1.32,1.91,1.29,25.10. 18:45,1.0,3.0,1.0
liga-mistrzow,Barcelona,S.Donieck,1.21,7.6,14.0,1.04,4.95,1.11,25.10. 18:45,1.0,2.0,1.0
liga-mistrzow,YB Bern,Man.City,14.0,7.2,1.21,4.75,1.04,1.11,25.10. 21:00,2.0,1.0,3.0
liga-mistrzow,Newcastle,Dortmund,1.67,4.2,4.9,1.19,2.26,1.25,25.10. 21:00,2.0,0.0,1.0
liga-mistrzow,Antwerp,FC Porto,3.3,3.55,2.2,1.71,1.35,1.32,25.10. 21:00,2.0,1.0,4.0
liga-mistrzow,PSG,AC Milan,1.74,3.95,4.7,1.21,2.15,1.27,25.10. 21:00,1.0,3.0,0.0
liga-mistrzow,Leipzig,CZ Belgrad,1.26,6.8,10.0,1.06,4.05,1.12,25.10. 21:00,1.0,3.0,1.0
liga-mistrzow,Celtic,Atl. Madryt,4.2,3.9,1.84,2.02,1.25,1.28,25.10. 21:00,0.0,2.0,2.0
liga-europy,Olympiakos,West Ham,3.25,3.55,2.13,1.7,1.33,1.29,26.10. 18:45,1.0,2.0,1.0
liga-europy,Backa Topola,Freiburg,8.2,5.4,1.33,3.25,1.07,1.14,26.10. 18:45,2.0,1.0,3.0
liga-europy,Raków Cz.,Sporting L.,4.4,3.8,1.76,2.04,1.2,1.26,26.10. 18:45,0.0,1.0,1.0
liga-europy,Marseille,AEK Ateny,1.7,3.95,4.6,1.18,2.13,1.24,26.10. 18:45,1.0,3.0,1.0
liga-europy,Molde,Hacken,1.73,3.85,4.5,1.19,2.07,1.25,26.10. 18:45,1.0,5.0,1.0
liga-europy,Sparta P.,Gl.Rangers,2.0,3.65,3.55,1.29,1.8,1.28,26.10. 18:45,0.0,0.0,0.0
liga-europy,Aris Limassol,Betis,3.9,3.8,1.85,1.92,1.24,1.25,26.10. 18:45,2.0,0.0,1.0
liga-europy,Sturm Graz,A.Bergamo,3.75,3.6,1.94,1.84,1.26,1.28,26.10. 18:45,0.0,2.0,2.0
liga-europy,Liverpool,Toulouse,1.2,7.0,12.0,1.02,4.4,1.09,26.10. 21:00,1.0,5.0,1.0
liga-europy,AS Roma,Slavia P.,1.74,3.7,4.6,1.18,2.05,1.26,26.10. 21:00,1.0,2.0,0.0
liga-europy,Brighton,Ajax,1.3,6.0,8.0,1.07,3.45,1.12,26.10. 21:00,1.0,2.0,0.0
liga-europy,Sheriff Tiraspol,Servette,2.32,3.35,3.0,1.37,1.58,1.31,26.10. 21:00,0.0,1.0,1.0
liga-europy,Panathinaikos,Rennes,2.7,3.3,2.6,1.49,1.45,1.32,26.10. 21:00,2.0,1.0,2.0
liga-europy,Leverkusen,FK Karabach,1.21,6.8,12.0,1.03,4.35,1.1,26.10. 21:00,1.0,5.0,1.0
liga-europy,St.Gilloise,LASK,1.62,4.1,5.0,1.16,2.25,1.22,26.10. 21:00,1.0,2.0,1.0
1-niemcy,Bochum,Mainz,2.7,3.6,2.6,1.54,1.51,1.32,27.10. 20:30,0.0,2.0,2.0
1-anglia,Crystal Palace,Tottenham,4.5,3.9,1.8,2.1,1.23,1.28,27.10. 21:00,2.0,1.0,2.0
1-belgia,Truidense,Molenbeek,1.88,3.7,4.2,1.25,1.97,1.3,27.10. 20:45,1.0,2.0,1.0
1-francja,Clermont,Nice,4.4,3.5,1.9,1.95,1.23,1.32,27.10. 21:00,2.0,0.0,1.0
1-hiszpania,Girona,Celta Vigo,1.7,4.3,4.65,1.22,2.23,1.24,27.10. 21:00,1.0,1.0,0.0
1-holandia,Vitesse Arnhem,Zwolle,2.0,3.7,3.45,1.3,1.8,1.27,27.10. 20:00,0.0,1.0,1.0
1-portugalia,FC Arouca,Moreirense FC,2.55,3.2,2.85,1.42,1.51,1.35,27.10. 21:15,2.0,0.0,1.0
1-niemcy,Bayern M.,Darmstadt 98,1.08,13.0,26.0,-1.0,8.7,1.04,28.10. 15:30,1.0,8.0,0.0
1-niemcy,M gladbach,Heidenheim,1.81,4.2,4.0,1.26,2.05,1.25,28.10. 15:30,1.0,2.0,1.0
1-niemcy,Werder B.,Un. Berlin,2.65,3.5,2.65,1.51,1.51,1.32,28.10. 15:30,1.0,2.0,0.0
1-niemcy,VFB Stuttgart,Hoffenheim,1.87,4.1,3.8,1.28,1.97,1.25,28.10. 15:30,2.0,2.0,3.0
1-niemcy,Augsburg,Wolfsburg,2.8,3.6,2.46,1.58,1.46,1.31,28.10. 15:30,1.0,3.0,2.0
1-niemcy,Leipzig,1.FC Koln,1.45,5.0,6.8,1.12,2.88,1.2,28.10. 18:30,1.0,6.0,0.0
1-anglia,Chelsea,Brentford,1.65,4.1,5.2,1.18,2.3,1.25,28.10. 13:30,2.0,0.0,2.0
1-anglia,Arsenal,Sheffield Utd.,1.13,9.4,21.0,1.01,6.5,1.07,28.10. 16:00,1.0,5.0,0.0
1-anglia,Bournemouth,Burnley,2.12,3.7,3.35,1.35,1.76,1.3,28.10. 16:00,1.0,2.0,1.0
1-anglia,Wolverhampton,Newcastle,4.3,3.95,1.81,2.06,1.24,1.27,28.10. 18:30,0.0,2.0,2.0
1-belgia,Mechelen,Cercle Brugge,3.15,3.65,2.15,1.7,1.35,1.28,28.10. 16:00,2.0,0.0,2.0
1-belgia,Eupen,Charleroi,3.25,3.75,2.06,1.74,1.33,1.26,28.10. 18:15,1.0,2.0,0.0
1-belgia,Anderlecht,Leuven,1.5,4.6,5.8,1.13,2.57,1.19,28.10. 20:45,1.0,5.0,1.0
1-francja,Reims,Lorient,1.65,4.2,5.0,1.18,2.28,1.24,28.10. 17:00,1.0,1.0,0.0
1-francja,Lens,Nantes,1.59,4.3,5.6,1.16,2.43,1.24,28.10. 21:00,1.0,4.0,0.0
1-hiszpania,Almeria,UD L.Palmas,2.31,3.5,3.1,1.39,1.64,1.32,28.10. 14:00,2.0,1.0,2.0
1-hiszpania,Barcelona,Real M.,2.5,3.75,2.7,1.5,1.57,1.3,28.10. 16:15,2.0,1.0,2.0
1-hiszpania,Mallorca,Getafe,2.3,3.05,3.6,1.31,1.65,1.4,28.10. 18:30,0.0,0.0,0.0
1-hiszpania,Cadiz,FC Sevilla,3.25,3.35,2.3,1.65,1.36,1.35,28.10. 21:00,0.0,2.0,2.0
1-holandia,Heerenveen,Heracles,1.97,3.75,3.5,1.29,1.81,1.26,28.10. 18:45,1.0,3.0,0.0
1-holandia,Sparta Rotterdam,Waalwijk,1.77,3.8,4.3,1.21,2.02,1.25,28.10. 20:00,1.0,2.0,0.0
1-holandia,Almere City,G.A.Eagles,2.7,3.55,2.47,1.53,1.46,1.29,28.10. 20:00,0.0,0.0,0.0
1-holandia,Sittard,Utrecht,2.38,3.6,2.75,1.43,1.56,1.28,28.10. 21:00,0.0,0.0,0.0
1-portugalia,Portimonense,Estoril Praia,2.48,3.4,2.75,1.43,1.52,1.3,28.10. 16:30,1.0,1.0,0.0
1-portugalia,Vitoria Guimarares,Chaves,1.61,4.0,5.2,1.15,2.26,1.23,28.10. 19:00,1.0,5.0,0.0
1-portugalia,SL Benfica,Casa Pia,1.2,6.6,13.0,1.02,4.4,1.1,28.10. 19:00,0.0,1.0,1.0
1-portugalia,Gil Vicente FC,SC Braga,3.9,3.9,1.83,1.95,1.25,1.25,28.10. 21:30,0.0,3.0,3.0
1-niemcy,Eint.Frankfurt,Dortmund,3.3,3.65,2.16,1.73,1.36,1.31,29.10. 15:30,0.0,3.0,3.0
1-niemcy,Leverkusen,Freiburg,1.27,6.2,9.8,1.05,3.8,1.12,29.10. 17:30,1.0,2.0,1.0
1-anglia,West Ham,Everton,2.16,3.7,3.25,1.36,1.73,1.3,29.10. 14:00,2.0,0.0,1.0
1-anglia,Brighton,Fulham,1.55,4.6,5.6,1.16,2.53,1.21,29.10. 15:00,0.0,1.0,1.0
1-anglia,Aston Villa,Luton Town,1.26,6.2,10.0,1.05,3.85,1.12,29.10. 15:00,1.0,3.0,1.0
1-anglia,Liverpool,Nottingham,1.25,6.6,11.0,1.05,4.15,1.12,29.10. 15:00,1.0,3.0,0.0
1-anglia,Man.United,Man.City,5.2,4.2,1.65,2.32,1.18,1.25,29.10. 16:30,2.0,0.0,3.0
1-belgia,Club Brugge,Antwerp,1.95,3.7,3.6,1.28,1.82,1.26,29.10. 13:30,1.0,2.0,1.0
1-belgia,Westerlo,St.Gilloise,5.0,4.1,1.61,2.25,1.16,1.22,29.10. 16:00,2.0,1.0,3.0
1-belgia,Gent,St.Liege,1.66,4.3,4.5,1.2,2.2,1.21,29.10. 18:30,1.0,3.0,1.0
1-belgia,Kortrijk,Genk,6.0,4.8,1.47,2.67,1.13,1.18,29.10. 19:15,2.0,0.0,3.0
1-francja,Brest,PSG,6.2,4.6,1.49,2.64,1.13,1.2,29.10. 13:00,2.0,2.0,3.0
1-francja,Lille,Monaco,2.33,3.8,2.9,1.44,1.64,1.29,29.10. 15:00,1.0,2.0,0.0
1-francja,Montpellier,Toulouse,1.77,4.0,4.4,1.23,2.1,1.26,29.10. 15:00,1.0,3.0,0.0
1-francja,Metz,Le Havre,2.6,3.2,2.95,1.43,1.53,1.38,29.10. 15:00,0.0,0.0,0.0
1-francja,Rennes,Strasbourg,1.57,4.1,6.2,1.14,2.47,1.25,29.10. 17:05,0.0,1.0,1.0
1-francja,Marseille,Lyon,1.55,4.5,5.6,1.15,2.5,1.21,29.10. 20:45,1.0,3.0,0.0
1-hiszpania,Betis,Osasuna,2.1,3.4,3.7,1.3,1.77,1.34,29.10. 14:00,1.0,2.0,1.0
1-hiszpania,Vallecano,Real Sociedad,3.3,3.25,2.34,1.64,1.36,1.37,29.10. 16:15,0.0,2.0,2.0
1-hiszpania,Bilbao,Valencia,1.66,3.9,5.6,1.16,2.3,1.28,29.10. 18:30,0.0,2.0,2.0
1-hiszpania,Atl. Madryt,Alaves,1.38,4.9,8.2,1.08,3.05,1.18,29.10. 21:00,1.0,2.0,1.0
1-holandia,Tw.Enschede,Feyenoord,3.3,3.6,2.08,1.72,1.32,1.28,29.10. 12:15,1.0,2.0,1.0
1-holandia,FC Volendam,SBV Excelsior,2.7,3.7,2.4,1.56,1.45,1.27,29.10. 14:30,1.0,3.0,1.0
1-holandia,PSV Eindhoven,Ajax,1.31,6.0,8.0,1.08,3.45,1.13,29.10. 14:30,1.0,5.0,2.0
1-holandia,AZ Alkmaar,Nijmegen,1.27,5.8,9.8,1.04,3.65,1.12,29.10. 16:45,2.0,1.0,2.0
1-portugalia,Rio Ave,Farense,2.36,3.35,2.95,1.38,1.57,1.31,29.10. 16:30,2.0,3.0,4.0
1-portugalia,Estrela Amadora,FC Famalicao,2.48,3.25,2.85,1.41,1.52,1.33,29.10. 19:00,1.0,1.0,0.0
1-portugalia,FC Vizela,FC Porto,6.6,4.6,1.45,2.71,1.1,1.19,29.10. 21:30,2.0,0.0,2.0
1-hiszpania,Granada,Villarreal,3.05,3.55,2.35,1.64,1.41,1.33,30.10. 21:00,2.0,2.0,3.0
1-portugalia,Boavista FC,Sporting L.,6.4,4.6,1.47,2.68,1.11,1.19,30.10. 21:15,2.0,0.0,2.0
1-holandia,Ajax,FC Volendam,1.25,6.4,9.8,1.05,3.85,1.11,02.11. 20:00,1.0,2.0,0.0
1-niemcy,1.FC Koln,Augsburg,2.12,3.7,3.5,1.35,1.8,1.32,04.11. 15:30,0.0,1.0,1.0
1-niemcy,Freiburg,M gladbach,2.1,3.85,3.4,1.35,1.81,1.29,04.11. 15:30,0.0,3.0,3.0
1-niemcy,Mainz,Leipzig,5.2,4.4,1.64,2.38,1.19,1.25,04.11. 15:30,1.0,2.0,0.0
1-niemcy,Un. Berlin,Eint.Frankfurt,2.55,3.25,3.0,1.43,1.56,1.38,04.11. 15:30,2.0,0.0,3.0
1-niemcy,Hoffenheim,Leverkusen,5.1,5.1,1.55,2.55,1.19,1.19,04.11. 15:30,2.0,2.0,3.0
1-niemcy,Dortmund,Bayern M.,3.6,4.4,1.92,1.98,1.33,1.25,04.11. 18:30,2.0,0.0,4.0
1-anglia,Fulham,Man.United,3.15,3.6,2.25,1.68,1.38,1.31,04.11. 13:30,2.0,0.0,1.0
1-anglia,Everton,Brighton,2.9,3.65,2.43,1.62,1.46,1.32,04.11. 16:00,0.0,1.0,1.0
1-anglia,Man.City,Bournemouth,1.1,12.5,19.0,1.01,7.5,1.04,04.11. 16:00,1.0,6.0,1.0
1-anglia,Burnley,Crystal Palace,3.25,3.2,2.45,1.61,1.39,1.4,04.11. 16:00,2.0,0.0,2.0
1-anglia,Brentford,West Ham,2.04,3.7,3.7,1.31,1.85,1.31,04.11. 16:00,1.0,3.0,2.0
1-anglia,Sheffield Utd.,Wolverhampton,3.85,3.65,2.02,1.87,1.3,1.32,04.11. 16:00,1.0,2.0,1.0
1-anglia,Newcastle,Arsenal,3.0,3.25,2.6,1.56,1.44,1.39,04.11. 18:30,1.0,1.0,0.0
1-belgia,Molenbeek,Kortrijk,1.96,3.8,3.45,1.29,1.81,1.25,04.11. 16:00,0.0,1.0,1.0
1-belgia,Leuven,Westerlo,2.12,3.75,3.1,1.35,1.7,1.26,04.11. 18:15,2.0,0.0,2.0
1-belgia,Antwerp,Genk,2.17,3.7,3.05,1.37,1.67,1.27,04.11. 20:45,1.0,3.0,2.0
1-francja,Lorient,Lens,4.7,3.9,1.78,2.13,1.22,1.29,04.11. 17:00,0.0,0.0,0.0
1-francja,Marseille,Lille,2.07,3.65,3.65,1.32,1.83,1.32,04.11. 21:00,0.0,0.0,0.0
1-hiszpania,Osasuna,Girona,2.85,3.4,2.55,1.55,1.46,1.35,04.11. 14:00,2.0,2.0,4.0
1-hiszpania,Betis,Mallorca,1.91,3.45,4.6,1.23,1.97,1.35,04.11. 16:15,1.0,2.0,0.0
1-hiszpania,Celta Vigo,FC Sevilla,2.4,3.5,3.05,1.42,1.63,1.34,04.11. 18:30,0.0,1.0,1.0
1-hiszpania,Real Sociedad,Barcelona,3.25,3.55,2.26,1.7,1.38,1.33,04.11. 21:00,2.0,0.0,1.0
1-holandia,Heracles,PSV Eindhoven,12.0,7.6,1.18,4.65,1.02,1.07,04.11. 16:30,2.0,0.0,6.0
1-holandia,SBV Excelsior,AZ Alkmaar,7.4,5.0,1.38,2.98,1.08,1.16,04.11. 18:45,0.0,1.0,1.0
1-holandia,Waalwijk,Feyenoord,13.0,7.4,1.18,4.7,1.02,1.08,04.11. 18:45,2.0,1.0,2.0
1-holandia,G.A.Eagles,Vitesse Arnhem,1.93,3.65,3.75,1.26,1.85,1.27,04.11. 21:00,1.0,5.0,1.0
1-portugalia,Chaves,SL Benfica,9.2,6.0,1.29,3.65,1.06,1.13,04.11. 16:30,2.0,0.0,2.0
1-portugalia,FC Famalicao,Gil Vicente FC,2.1,3.45,3.4,1.3,1.71,1.29,04.11. 19:00,1.0,3.0,1.0
1-portugalia,SC Braga,Portimonense,1.22,6.6,11.0,1.03,4.15,1.1,04.11. 21:30,1.0,6.0,1.0
1-belgia,Charleroi,Gent,3.4,3.8,2.03,1.8,1.32,1.27,05.11. 19:15,2.0,1.0,3.0
1-francja,Nice,Rennes,2.11,3.3,3.8,1.29,1.77,1.36,05.11. 20:45,1.0,2.0,0.0
1-hiszpania,Real M.,Vallecano,1.25,7.0,12.0,1.05,4.4,1.12,05.11. 21:00,0.0,0.0,0.0
1-portugalia,Rio Ave,Boavista FC,2.55,3.4,2.75,1.46,1.52,1.32,05.11. 19:00,1.0,2.0,0.0
1-portugalia,Sporting L.,Estrela Amadora,1.22,6.4,14.0,1.02,4.6,1.11,05.11. 21:30,1.0,3.0,2.0
1-anglia,Tottenham,Chelsea,2.18,3.7,3.2,1.37,1.72,1.3,06.11. 21:00,2.0,1.0,4.0
1-hiszpania,Getafe,Cadiz,1.9,3.3,4.8,1.21,1.96,1.36,06.11. 21:00,1.0,1.0,0.0
1-portugalia,Farense,FC Arouca,2.32,3.3,3.05,1.36,1.59,1.32,06.11. 21:15,1.0,2.0,0.0
liga-mistrzow,S.Donieck,Barcelona,13.5,6.1,1.26,4.2,1.04,1.15,07.11. 18:45,1.0,1.0,0.0
liga-mistrzow,Dortmund,Newcastle,2.71,3.6,2.6,1.55,1.51,1.33,07.11. 18:45,1.0,2.0,0.0
liga-mistrzow,Man.City,YB Bern,1.08,12.0,30.0,-1.0,8.6,1.04,07.11. 21:00,1.0,3.0,0.0
liga-mistrzow,Atl. Madryt,Celtic,1.3,5.5,12.0,1.04,3.75,1.16,07.11. 21:00,1.0,6.0,0.0
liga-mistrzow,CZ Belgrad,Leipzig,5.8,4.5,1.56,2.53,1.16,1.24,07.11. 21:00,2.0,1.0,2.0
liga-mistrzow,AC Milan,PSG,3.05,3.6,2.33,1.65,1.41,1.32,07.11. 21:00,1.0,2.0,1.0
liga-mistrzow,Lazio,Feyenoord,2.6,3.55,2.7,1.48,1.53,1.31,07.11. 21:00,1.0,1.0,0.0
liga-mistrzow,FC Porto,Antwerp,1.35,5.2,8.4,1.08,3.2,1.18,07.11. 21:00,1.0,2.0,0.0
liga-mistrzow,Real Sociedad,SL Benfica,1.8,3.65,5.0,1.2,2.11,1.32,08.11. 18:45,1.0,3.0,1.0
liga-mistrzow,Napoli,Un. Berlin,1.4,5.0,8.8,1.09,3.2,1.21,08.11. 18:45,0.0,1.0,1.0
liga-mistrzow,Arsenal,FC Sevilla,1.33,5.6,9.4,1.07,3.5,1.17,08.11. 21:00,1.0,2.0,0.0
liga-mistrzow,Salzburg,Inter M.,5.4,4.2,1.62,2.36,1.17,1.25,08.11. 21:00,2.0,0.0,1.0
liga-mistrzow,Bayern M.,Galatasaray,1.2,8.0,12.0,1.04,4.8,1.09,08.11. 21:00,1.0,2.0,1.0
liga-mistrzow,PSV Eindhoven,Lens,1.74,4.1,4.5,1.22,2.15,1.25,08.11. 21:00,1.0,1.0,0.0
liga-mistrzow,Real M.,SC Braga,1.23,7.0,11.0,1.05,4.3,1.11,08.11. 21:00,1.0,3.0,0.0
liga-mistrzow,FC Kopenhaga,Man.United,4.4,4.0,1.77,2.1,1.23,1.26,08.11. 21:00,1.0,4.0,3.0
liga-europy,Ajax,Brighton,4.3,4.2,1.75,2.12,1.24,1.24,09.11. 18:45,2.0,0.0,2.0
liga-europy,FK Karabach,Leverkusen,6.8,5.2,1.42,2.95,1.12,1.17,09.11. 18:45,2.0,0.0,1.0
liga-europy,Mac.Haifa,Villarreal,4.2,3.65,1.9,1.95,1.25,1.3,09.11. 18:45,2.0,1.0,2.0
liga-europy,Toulouse,Liverpool,6.8,5.4,1.42,3.0,1.12,1.17,09.11. 18:45,1.0,3.0,2.0
liga-europy,Servette,Sheriff Tiraspol,1.71,3.8,5.2,1.18,2.2,1.29,09.11. 18:45,1.0,2.0,1.0
liga-europy,LASK,St.Gilloise,3.55,3.7,2.04,1.81,1.31,1.3,09.11. 18:45,1.0,3.0,0.0
liga-europy,Slavia P.,AS Roma,2.9,3.2,2.7,1.52,1.46,1.4,09.11. 18:45,1.0,2.0,0.0
liga-europy,Rennes,Panathinaikos,1.67,4.0,5.2,1.18,2.26,1.26,09.11. 18:45,1.0,3.0,1.0
liga-europy,Betis,Aris Limassol,1.33,5.4,9.6,1.07,3.45,1.17,09.11. 21:00,1.0,4.0,1.0
liga-europy,Freiburg,Backa Topola,1.14,8.4,18.0,-1.0,5.7,1.07,09.11. 21:00,1.0,5.0,0.0
liga-europy,Sporting L.,Raków Cz.,1.22,6.6,13.0,1.03,4.4,1.12,09.11. 21:00,1.0,2.0,1.0
liga-europy,West Ham,Olympiakos,1.58,4.4,5.2,1.16,2.38,1.21,09.11. 21:00,1.0,1.0,0.0
liga-europy,Hacken,Molde,2.7,3.85,2.42,1.59,1.49,1.28,09.11. 21:00,2.0,1.0,3.0
liga-europy,Gl.Rangers,Sparta P.,1.98,3.75,3.85,1.3,1.9,1.31,09.11. 21:00,1.0,2.0,1.0
liga-europy,AEK Ateny,Marseille,2.6,3.5,2.8,1.46,1.56,1.32,09.11. 21:00,2.0,0.0,2.0
liga-europy,A.Bergamo,Sturm Graz,1.26,6.2,11.0,1.05,3.95,1.13,09.11. 21:00,1.0,1.0,0.0
1-niemcy,M gladbach,Wolfsburg,2.4,3.8,2.8,1.47,1.61,1.29,10.11. 20:30,1.0,4.0,0.0
1-belgia,Westerlo,Truidense,2.65,3.4,2.6,1.49,1.47,1.31,10.11. 20:45,0.0,3.0,3.0
1-francja,Montpellier,Nice,3.4,3.45,2.2,1.71,1.34,1.34,10.11. 21:00,0.0,0.0,0.0
1-hiszpania,Bilbao,Celta Vigo,1.58,4.2,6.0,1.15,2.47,1.25,10.11. 21:00,1.0,4.0,3.0
1-holandia,Sittard,Heracles,1.74,3.85,4.4,1.2,2.05,1.25,10.11. 20:00,1.0,4.0,1.0
1-portugalia,Estoril Praia,Casa Pia,2.44,3.3,2.85,1.4,1.53,1.31,10.11. 21:15,1.0,4.0,0.0
1-niemcy,VFB Stuttgart,Dortmund,2.5,3.9,2.7,1.52,1.6,1.3,11.11. 15:30,1.0,2.0,1.0
1-niemcy,Augsburg,Hoffenheim,2.47,3.85,2.75,1.5,1.6,1.3,11.11. 15:30,0.0,1.0,1.0
1-niemcy,Darmstadt 98,Mainz,3.15,3.6,2.3,1.68,1.4,1.33,11.11. 15:30,0.0,0.0,0.0
1-niemcy,Bayern M.,Heidenheim,1.06,17.0,35.0,-1.0,11.5,1.03,11.11. 15:30,1.0,4.0,2.0
1-niemcy,Bochum,1.FC Koln,2.6,3.6,2.7,1.51,1.54,1.32,11.11. 18:30,0.0,1.0,1.0
1-anglia,Wolverhampton,Tottenham,3.05,3.55,2.33,1.64,1.41,1.32,11.11. 13:30,1.0,2.0,1.0
1-anglia,Crystal Palace,Everton,2.65,3.15,2.95,1.44,1.52,1.4,11.11. 16:00,2.0,2.0,3.0
1-anglia,Arsenal,Burnley,1.2,7.4,16.0,1.03,5.1,1.12,11.11. 16:00,1.0,3.0,1.0
1-anglia,Man.United,Luton Town,1.36,5.6,8.8,1.09,3.4,1.18,11.11. 16:00,1.0,1.0,0.0
1-anglia,Bournemouth,Newcastle,4.4,3.95,1.82,2.08,1.25,1.29,11.11. 18:30,1.0,2.0,0.0
1-belgia,Antwerp,St.Liege,1.6,4.1,5.2,1.15,2.3,1.22,11.11. 16:00,1.0,6.0,0.0
1-belgia,Eupen,Molenbeek,2.6,3.5,2.55,1.49,1.48,1.29,11.11. 18:15,2.0,1.0,3.0
1-belgia,Mechelen,Charleroi,2.6,3.45,2.55,1.48,1.47,1.29,11.11. 20:45,1.0,1.0,0.0
1-francja,Reims,PSG,5.6,4.6,1.57,2.53,1.17,1.23,11.11. 17:00,2.0,0.0,3.0
1-francja,Le Havre,Monaco,4.6,4.0,1.75,2.14,1.22,1.27,11.11. 21:00,0.0,0.0,0.0
1-hiszpania,Vallecano,Girona,3.0,3.5,2.43,1.62,1.43,1.34,11.11. 14:00,2.0,1.0,2.0
1-hiszpania,Almeria,Real Sociedad,4.9,3.95,1.74,2.2,1.21,1.28,11.11. 16:15,2.0,1.0,3.0
1-hiszpania,Osasuna,UD L.Palmas,2.02,3.3,4.3,1.25,1.87,1.37,11.11. 18:30,0.0,1.0,1.0
1-hiszpania,Granada,Getafe,2.55,3.2,3.05,1.42,1.56,1.39,11.11. 18:30,0.0,1.0,1.0
1-hiszpania,Real M.,Valencia,1.32,5.6,9.4,1.07,3.5,1.16,11.11. 21:00,1.0,5.0,1.0
1-holandia,Waalwijk,G.A.Eagles,2.8,3.6,2.35,1.58,1.42,1.28,11.11. 18:45,2.0,0.0,1.0
1-holandia,Tw.Enschede,Nijmegen,1.31,5.4,8.8,1.05,3.35,1.14,11.11. 20:00,0.0,3.0,3.0
1-holandia,Vitesse Arnhem,Heerenveen,2.36,3.5,2.85,1.41,1.57,1.29,11.11. 21:00,2.0,1.0,3.0
1-portugalia,Portimonense,Chaves,2.37,3.35,2.95,1.39,1.57,1.31,11.11. 16:30,1.0,2.0,1.0
1-portugalia,Estrela Amadora,Moreirense FC,2.7,3.25,2.6,1.47,1.44,1.32,11.11. 19:00,2.0,0.0,1.0
1-portugalia,FC Vizela,FC Famalicao,2.55,3.2,2.8,1.42,1.49,1.33,11.11. 19:00,0.0,0.0,0.0
1-portugalia,Vitoria Guimarares,FC Porto,4.7,3.7,1.73,2.07,1.18,1.26,11.11. 21:30,2.0,1.0,2.0
1-niemcy,Leverkusen,Un. Berlin,1.35,5.4,9.2,1.08,3.4,1.18,12.11. 15:30,1.0,4.0,0.0
1-niemcy,Werder B.,Eint.Frankfurt,2.85,3.65,2.47,1.6,1.47,1.32,12.11. 17:30,0.0,1.0,1.0
1-niemcy,Leipzig,Freiburg,1.45,5.2,6.8,1.13,2.95,1.2,12.11. 19:30,1.0,3.0,1.0
1-anglia,Aston Villa,Fulham,1.64,4.3,5.4,1.19,2.4,1.26,12.11. 15:00,1.0,3.0,1.0
1-anglia,Liverpool,Brentford,1.39,5.6,7.4,1.11,3.2,1.17,12.11. 15:00,1.0,3.0,0.0
1-anglia,Brighton,Sheffield Utd.,1.26,6.8,11.0,1.06,4.2,1.13,12.11. 15:00,0.0,1.0,1.0
1-anglia,West Ham,Nottingham,1.85,3.85,4.3,1.25,2.03,1.29,12.11. 15:00,1.0,3.0,2.0
1-anglia,Chelsea,Man.City,5.0,3.95,1.72,2.21,1.2,1.28,12.11. 17:30,0.0,4.0,4.0
1-belgia,Club Brugge,Cercle Brugge,1.68,4.2,4.6,1.2,2.2,1.23,12.11. 13:30,0.0,0.0,0.0
1-belgia,Genk,Leuven,1.36,5.4,7.0,1.09,3.05,1.14,12.11. 16:00,1.0,3.0,1.0
1-belgia,Gent,Anderlecht,2.13,3.6,3.2,1.34,1.7,1.28,12.11. 18:30,0.0,1.0,1.0
1-belgia,St.Gilloise,Kortrijk,1.2,6.8,12.0,1.02,4.35,1.09,12.11. 19:15,1.0,3.0,0.0
1-francja,Lille,Toulouse,1.51,4.6,6.2,1.14,2.64,1.21,12.11. 15:00,0.0,1.0,1.0
1-francja,Clermont,Lorient,2.22,3.35,3.6,1.34,1.74,1.37,12.11. 15:00,1.0,1.0,0.0
1-francja,Metz,Nantes,3.2,3.3,2.42,1.62,1.4,1.38,12.11. 15:00,1.0,3.0,1.0
1-francja,Rennes,Lyon,1.8,4.1,4.3,1.25,2.1,1.27,12.11. 17:05,2.0,0.0,1.0
1-francja,Lens,Marseille,2.3,3.55,3.2,1.39,1.68,1.33,12.11. 20:45,1.0,1.0,0.0
1-hiszpania,Barcelona,Alaves,1.26,6.6,12.0,1.06,4.25,1.14,12.11. 16:15,1.0,2.0,1.0
1-hiszpania,FC Sevilla,Betis,2.2,3.6,3.35,1.36,1.74,1.32,12.11. 18:30,0.0,1.0,1.0
1-hiszpania,Atl. Madryt,Villarreal,1.35,5.6,8.2,1.09,3.35,1.16,12.11. 21:00,1.0,3.0,1.0
1-holandia,PSV Eindhoven,Zwolle,1.08,11.0,23.0,-1.0,7.4,1.03,12.11. 12:15,1.0,4.0,0.0
1-holandia,Almere City,Ajax,5.4,4.8,1.49,2.54,1.14,1.17,12.11. 14:30,0.0,2.0,2.0
1-holandia,FC Volendam,Sparta Rotterdam,2.95,3.7,2.23,1.64,1.39,1.27,12.11. 14:30,2.0,1.0,4.0
1-holandia,Feyenoord,AZ Alkmaar,1.51,4.6,5.6,1.14,2.53,1.19,12.11. 16:45,1.0,1.0,0.0
1-holandia,Utrecht,SBV Excelsior,1.59,4.3,5.0,1.16,2.31,1.21,12.11. 20:00,0.0,2.0,2.0
1-portugalia,Boavista FC,Farense,2.1,3.55,3.35,1.32,1.72,1.29,12.11. 16:30,2.0,1.0,3.0
1-portugalia,Gil Vicente FC,Rio Ave,2.07,3.55,3.35,1.31,1.72,1.28,12.11. 16:30,0.0,1.0,1.0
1-portugalia,FC Arouca,SC Braga,5.0,4.2,1.61,2.28,1.16,1.22,12.11. 19:00,2.0,0.0,1.0
1-portugalia,SL Benfica,Sporting L.,2.5,3.35,2.75,1.43,1.51,1.31,12.11. 21:30,1.0,2.0,1.0
1-niemcy,1.FC Koln,Bayern M.,10.0,7.2,1.25,4.2,1.07,1.11,24.11. 20:30,2.0,0.0,1.0
1-belgia,Truidense,Antwerp,3.65,3.65,1.96,1.83,1.28,1.28,24.11. 20:45,0.0,1.0,1.0
1-francja,PSG,Monaco,1.46,5.2,6.2,1.14,2.83,1.18,24.11. 21:00,1.0,5.0,2.0
1-hiszpania,Alaves,Granada,1.8,3.7,4.7,1.21,2.07,1.3,24.11. 21:00,1.0,3.0,1.0
1-niemcy,Werder B.,Leverkusen,6.0,5.2,1.48,2.8,1.15,1.19,25.11. 15:30,2.0,0.0,3.0
1-niemcy,Wolfsburg,Leipzig,3.7,3.95,1.93,1.91,1.3,1.27,25.11. 15:30,1.0,2.0,1.0
1-niemcy,Freiburg,Darmstadt 98,1.58,4.3,5.6,1.16,2.43,1.23,25.11. 15:30,0.0,1.0,1.0
1-niemcy,Dortmund,M gladbach,1.49,5.2,5.6,1.16,2.7,1.18,25.11. 15:30,1.0,4.0,2.0
1-niemcy,Un. Berlin,Augsburg,2.0,3.65,3.75,1.29,1.85,1.3,25.11. 15:30,0.0,1.0,1.0
1-niemcy,Eint.Frankfurt,VFB Stuttgart,2.6,3.65,2.65,1.52,1.54,1.31,25.11. 18:30,2.0,1.0,2.0
1-anglia,Man.City,Liverpool,1.75,4.3,4.3,1.24,2.15,1.24,25.11. 13:30,0.0,1.0,1.0
1-anglia,Burnley,West Ham,3.5,3.6,2.1,1.77,1.33,1.31,25.11. 16:00,2.0,1.0,2.0
1-anglia,Newcastle,Chelsea,2.6,3.5,2.75,1.49,1.54,1.34,25.11. 16:00,1.0,4.0,1.0
1-anglia,Luton Town,Crystal Palace,3.6,3.35,2.16,1.74,1.31,1.35,25.11. 16:00,1.0,2.0,1.0
1-anglia,Sheffield Utd.,Bournemouth,3.2,3.55,2.24,1.68,1.37,1.32,25.11. 16:00,2.0,1.0,3.0
1-anglia,Nottingham,Brighton,3.15,3.65,2.23,1.7,1.38,1.31,25.11. 16:00,2.0,2.0,3.0
1-anglia,Brentford,Arsenal,4.6,3.85,1.78,2.1,1.22,1.28,25.11. 18:30,2.0,0.0,1.0
1-belgia,Cercle Brugge,Eupen,1.39,5.0,7.2,1.09,2.95,1.17,25.11. 16:00,1.0,2.0,0.0
1-belgia,Charleroi,Westerlo,1.85,3.8,3.95,1.24,1.94,1.26,25.11. 18:15,1.0,3.0,2.0
1-belgia,St.Liege,Genk,3.55,3.75,1.96,1.82,1.29,1.26,25.11. 20:45,1.0,1.0,0.0
1-francja,Clermont,Lens,3.85,3.5,2.02,1.83,1.28,1.32,25.11. 17:00,2.0,0.0,3.0
1-francja,Strasbourg,Marseille,4.1,3.4,2.0,1.86,1.26,1.34,25.11. 21:00,0.0,1.0,1.0
1-hiszpania,Vallecano,Barcelona,5.2,4.1,1.66,2.3,1.18,1.26,25.11. 14:00,0.0,1.0,1.0
1-hiszpania,Valencia,Celta Vigo,2.2,3.35,3.5,1.32,1.71,1.35,25.11. 16:15,0.0,0.0,0.0
1-hiszpania,Getafe,Almeria,1.68,3.9,5.4,1.17,2.26,1.28,25.11. 18:30,1.0,2.0,1.0
1-hiszpania,Atl. Madryt,Mallorca,1.39,4.9,8.8,1.08,3.15,1.2,25.11. 21:00,1.0,1.0,0.0
1-holandia,SBV Excelsior,Feyenoord,11.0,7.2,1.2,4.35,1.03,1.08,25.11. 16:30,2.0,2.0,4.0
1-holandia,Heerenveen,Sittard,2.03,3.65,3.4,1.3,1.76,1.27,25.11. 18:45,1.0,3.0,0.0
1-holandia,Tw.Enschede,PSV Eindhoven,3.7,3.7,1.92,1.85,1.26,1.26,25.11. 18:45,2.0,0.0,3.0
1-holandia,Ajax,Vitesse Arnhem,1.27,6.2,9.0,1.05,3.65,1.11,25.11. 21:00,1.0,5.0,0.0
1-holandia,Zwolle,Waalwijk,1.76,3.9,4.3,1.21,2.05,1.25,25.11. 21:00,2.0,1.0,2.0
1-niemcy,Heidenheim,Bochum,2.2,3.75,3.15,1.39,1.71,1.3,26.11. 15:30,0.0,0.0,0.0
1-niemcy,Hoffenheim,Mainz,1.86,4.0,3.9,1.27,1.97,1.26,26.11. 17:30,0.0,1.0,1.0
1-anglia,Tottenham,Aston Villa,2.5,3.9,2.6,1.52,1.56,1.27,26.11. 15:00,2.0,1.0,2.0
1-anglia,Everton,Man.United,2.7,3.5,2.6,1.52,1.49,1.32,26.11. 17:30,2.0,0.0,3.0
1-belgia,Gent,St.Gilloise,2.55,3.55,2.6,1.48,1.5,1.29,26.11. 13:30,0.0,1.0,1.0
1-belgia,Leuven,Club Brugge,4.8,4.2,1.62,2.24,1.17,1.21,26.11. 16:00,2.0,0.0,1.0
1-belgia,Anderlecht,Molenbeek,1.43,4.8,6.6,1.1,2.78,1.18,26.11. 18:30,1.0,2.0,1.0
1-belgia,Kortrijk,Mechelen,2.9,3.5,2.34,1.59,1.4,1.3,26.11. 19:15,2.0,0.0,3.0
1-francja,Nice,Toulouse,1.52,4.2,6.8,1.12,2.6,1.24,26.11. 13:00,1.0,1.0,0.0
1-francja,Nantes,Le Havre,2.11,3.45,3.6,1.31,1.76,1.33,26.11. 15:00,0.0,0.0,0.0
1-francja,Lorient,Metz,2.0,3.5,3.95,1.27,1.86,1.33,26.11. 15:00,2.0,2.0,3.0
1-francja,Montpellier,Brest,2.35,3.45,3.1,1.4,1.63,1.34,26.11. 15:00,2.0,1.0,3.0
1-francja,Rennes,Reims,2.03,3.6,3.7,1.3,1.82,1.31,26.11. 17:05,1.0,3.0,1.0
1-francja,Lyon,Lille,3.0,3.4,2.42,1.59,1.41,1.34,26.11. 20:45,2.0,0.0,2.0
1-hiszpania,Villarreal,Osasuna,2.2,3.55,3.3,1.36,1.71,1.32,26.11. 14:00,1.0,3.0,1.0
1-hiszpania,Real Sociedad,FC Sevilla,1.78,3.75,4.7,1.21,2.1,1.29,26.11. 16:15,1.0,2.0,1.0
1-hiszpania,Cadiz,Real M.,6.2,4.6,1.51,2.64,1.14,1.21,26.11. 18:30,2.0,0.0,3.0
1-hiszpania,Betis,UD L.Palmas,1.74,3.7,5.2,1.18,2.16,1.3,26.11. 21:00,1.0,1.0,0.0
1-holandia,Almere City,Heracles,1.93,3.75,3.65,1.27,1.85,1.26,26.11. 12:15,2.0,0.0,5.0
1-holandia,Nijmegen,G.A.Eagles,2.35,3.65,2.8,1.43,1.58,1.28,26.11. 14:30,0.0,1.0,1.0
1-holandia,AZ Alkmaar,FC Volendam,1.16,7.8,15.0,1.01,5.1,1.08,26.11. 14:30,1.0,3.0,0.0
1-holandia,Sparta Rotterdam,Utrecht,2.36,3.55,2.85,1.42,1.58,1.29,26.11. 16:45,2.0,1.0,2.0
1-anglia,Fulham,Wolverhampton,2.43,3.35,3.0,1.41,1.58,1.34,27.11. 21:00,1.0,1.0,0.0
1-hiszpania,Girona,Bilbao,2.3,3.75,2.95,1.42,1.65,1.29,27.11. 21:00,0.0,0.0,0.0
liga-mistrzow,S.Donieck,Antwerp,2.03,3.6,3.7,1.3,1.82,1.31,28.11. 18:45,1.0,1.0,0.0
liga-mistrzow,Lazio,Celtic,1.54,4.4,6.2,1.14,2.57,1.23,28.11. 18:45,1.0,2.0,0.0
liga-mistrzow,PSG,Newcastle,1.64,4.2,5.2,1.18,2.32,1.25,28.11. 21:00,0.0,1.0,1.0
liga-mistrzow,Feyenoord,Atl. Madryt,2.6,3.6,2.65,1.51,1.53,1.31,28.11. 21:00,2.0,1.0,3.0
liga-mistrzow,Man.City,Leipzig,1.35,5.6,8.2,1.09,3.35,1.16,28.11. 21:00,1.0,3.0,2.0
liga-mistrzow,YB Bern,CZ Belgrad,2.06,3.85,3.4,1.34,1.81,1.28,28.11. 21:00,1.0,2.0,0.0
liga-mistrzow,Barcelona,FC Porto,1.51,4.5,6.4,1.13,2.64,1.22,28.11. 21:00,1.0,2.0,1.0
liga-mistrzow,AC Milan,Dortmund,2.0,3.75,3.7,1.3,1.86,1.29,28.11. 21:00,2.0,1.0,3.0
1-francja,Montpellier,Clermont,1.93,3.65,4.0,1.26,1.91,1.3,29.11. 19:00,0.0,1.0,1.0
1-hiszpania,Mallorca,Cadiz,2.0,3.25,4.3,1.24,1.85,1.37,29.11. 21:00,0.0,1.0,1.0
liga-mistrzow,Galatasaray,Man.United,2.65,3.75,2.55,1.55,1.52,1.3,29.11. 18:45,0.0,3.0,3.0
liga-mistrzow,FC Sevilla,PSV Eindhoven,2.6,3.55,2.7,1.5,1.53,1.32,29.11. 18:45,2.0,2.0,3.0
liga-mistrzow,Bayern M.,FC Kopenhaga,1.23,7.0,11.0,1.05,4.3,1.11,29.11. 21:00,0.0,0.0,0.0
liga-mistrzow,Arsenal,Lens,1.34,5.6,9.0,1.08,3.45,1.17,29.11. 21:00,1.0,6.0,0.0
liga-mistrzow,Real M.,Napoli,1.86,3.9,4.1,1.26,2.0,1.28,29.11. 21:00,1.0,4.0,2.0
liga-mistrzow,Real Sociedad,Salzburg,1.52,4.5,6.2,1.14,2.61,1.22,29.11. 21:00,0.0,0.0,0.0
liga-mistrzow,SL Benfica,Inter M.,2.65,3.5,2.65,1.51,1.51,1.32,29.11. 21:00,0.0,3.0,3.0
liga-mistrzow,SC Braga,Un. Berlin,2.16,3.65,3.3,1.36,1.73,1.31,29.11. 21:00,0.0,1.0,1.0
liga-europy,AEK Ateny,Brighton,3.55,3.95,1.93,1.87,1.3,1.25,30.11. 18:45,2.0,0.0,1.0
liga-europy,Sparta P.,Betis,2.48,3.5,2.75,1.45,1.54,1.3,30.11. 18:45,1.0,1.0,0.0
liga-europy,Mac.Haifa,Rennes,4.4,4.2,1.72,2.15,1.22,1.24,30.11. 18:45,2.0,0.0,3.0
liga-europy,Backa Topola,West Ham,10.0,6.4,1.26,3.9,1.05,1.12,30.11. 18:45,2.0,0.0,1.0
liga-europy,A.Bergamo,Sporting L.,2.13,3.65,3.25,1.35,1.72,1.29,30.11. 18:45,0.0,1.0,1.0
liga-europy,Freiburg,Olympiakos,1.84,3.85,4.0,1.24,1.96,1.26,30.11. 18:45,1.0,5.0,0.0
liga-europy,Sturm Graz,Raków Cz.,1.88,3.65,4.1,1.24,1.93,1.29,30.11. 18:45,2.0,0.0,1.0
liga-europy,Hacken,Leverkusen,7.2,5.6,1.37,3.15,1.1,1.15,30.11. 21:00,2.0,0.0,2.0
liga-europy,Gl.Rangers,Aris Limassol,1.32,5.6,8.8,1.07,3.4,1.15,30.11. 21:00,0.0,1.0,1.0
liga-europy,Servette,AS Roma,4.0,3.9,1.84,1.97,1.25,1.26,30.11. 21:00,0.0,1.0,1.0
liga-europy,Molde,FK Karabach,1.92,3.75,3.85,1.27,1.9,1.28,30.11. 21:00,0.0,2.0,2.0
liga-europy,Villarreal,Panathinaikos,1.96,3.75,3.65,1.29,1.85,1.28,30.11. 21:00,1.0,3.0,2.0
liga-europy,Marseille,Ajax,1.62,4.2,5.0,1.17,2.28,1.22,30.11. 21:00,1.0,4.0,3.0
liga-europy,Toulouse,St.Gilloise,2.22,3.6,3.1,1.37,1.67,1.29,30.11. 21:00,0.0,0.0,0.0
liga-europy,Liverpool,LASK,1.12,9.2,21.0,-1.0,6.4,1.06,30.11. 21:00,1.0,4.0,0.0
liga-europy,Sheriff Tiraspol,Slavia P.,5.2,4.0,1.63,2.26,1.16,1.24,30.11. 21:00,2.0,2.0,3.0
1-niemcy,Darmstadt 98,1.FC Koln,2.75,3.55,2.55,1.55,1.48,1.32,01.12. 20:30,2.0,0.0,1.0
1-belgia,Westerlo,Anderlecht,4.4,4.0,1.72,2.1,1.2,1.24,01.12. 20:45,2.0,1.0,3.0
1-francja,Reims,Strasbourg,1.8,3.85,4.5,1.22,2.07,1.28,01.12. 21:00,1.0,2.0,1.0
1-hiszpania,UD L.Palmas,Getafe,2.37,3.05,3.45,1.33,1.62,1.4,01.12. 21:00,1.0,2.0,0.0
1-holandia,Heerenveen,Almere City,1.67,4.0,4.7,1.18,2.16,1.23,01.12. 20:00,1.0,3.0,0.0
1-portugalia,Chaves,FC Vizela,2.6,3.35,2.65,1.46,1.48,1.31,01.12. 21:30,1.0,2.0,1.0
1-niemcy,Bayern M.,Un. Berlin,1.13,8.6,17.0,1.01,5.9,1.08,02.12. 15:30,,,
1-niemcy,M gladbach,Hoffenheim,2.26,4.1,2.8,1.47,1.66,1.26,02.12. 15:30,1.0,2.0,1.0
1-niemcy,Leipzig,Heidenheim,1.25,6.8,11.0,1.06,4.2,1.12,02.12. 15:30,1.0,2.0,1.0
1-niemcy,Bochum,Wolfsburg,2.56,3.7,2.56,1.52,1.52,1.3,02.12. 15:30,1.0,3.0,1.0
1-niemcy,VFB Stuttgart,Werder B.,1.4,5.2,6.9,1.11,3.05,1.17,02.12. 18:30,1.0,2.0,0.0
1-anglia,Brentford,Luton Town,1.46,4.55,6.5,1.11,2.74,1.2,02.12. 16:00,1.0,3.0,1.0
1-anglia,Arsenal,Wolverhampton,1.26,5.8,12.0,1.05,3.9,1.14,02.12. 16:00,1.0,2.0,1.0
1-anglia,Burnley,Sheffield Utd.,1.8,3.65,4.4,1.23,2.03,1.29,02.12. 16:00,1.0,5.0,0.0
1-anglia,Nottingham,Everton,2.8,3.25,2.56,1.52,1.44,1.35,02.12. 18:30,2.0,0.0,1.0
1-anglia,Newcastle,Man.United,1.89,3.75,3.8,1.28,1.92,1.27,02.12. 21:00,1.0,1.0,0.0
1-belgia,Molenbeek,Charleroi,2.8,3.4,2.43,1.54,1.42,1.3,02.12. 16:00,0.0,0.0,0.0
1-belgia,Eupen,Kortrijk,2.24,3.45,3.1,1.36,1.63,1.3,02.12. 18:15,0.0,1.0,1.0
1-belgia,Antwerp,Leuven,1.34,5.4,7.6,1.07,3.15,1.14,02.12. 20:45,1.0,1.0,0.0
1-francja,Lens,Lyon,1.7,4.0,4.7,1.2,2.16,1.26,02.12. 17:00,1.0,3.0,2.0
1-francja,Nantes,Nice,3.9,3.45,2.01,1.83,1.27,1.33,02.12. 21:00,1.0,1.0,0.0
1-hiszpania,Girona,Valencia,1.69,3.9,4.65,1.2,2.18,1.26,02.12. 14:00,1.0,2.0,1.0
1-hiszpania,Bilbao,Vallecano,1.59,4.2,5.6,1.16,2.4,1.24,02.12. 16:15,1.0,4.0,0.0
1-hiszpania,Real M.,Granada,1.17,8.4,11.5,1.03,4.95,1.07,02.12. 18:30,1.0,2.0,0.0
1-hiszpania,Osasuna,Real Sociedad,3.55,3.2,2.22,1.68,1.32,1.38,02.12. 21:00,0.0,1.0,1.0
1-holandia,FC Volendam,Zwolle,2.6,3.65,2.48,1.52,1.48,1.27,02.12. 18:45,2.0,0.0,5.0
1-holandia,Sittard,Vitesse Arnhem,2.03,3.6,3.45,1.3,1.76,1.28,02.12. 20:00,1.0,3.0,1.0
1-holandia,Waalwijk,SBV Excelsior,2.0,3.9,3.35,1.32,1.8,1.25,02.12. 20:00,0.0,2.0,2.0
1-holandia,Heracles,Sparta Rotterdam,2.65,3.65,2.45,1.54,1.47,1.27,02.12. 21:00,2.0,0.0,1.0
1-portugalia,Rio Ave,Estrela Amadora,2.12,3.45,3.35,1.31,1.7,1.3,02.12. 16:30,0.0,1.0,1.0
1-portugalia,Farense,Vitoria Guimarares,3.0,3.5,2.27,1.62,1.38,1.29,02.12. 16:30,2.0,1.0,2.0
1-portugalia,FC Famalicao,FC Porto,5.4,4.1,1.59,2.33,1.15,1.23,02.12. 19:00,2.0,0.0,3.0
1-portugalia,Casa Pia,Portimonense,1.96,3.5,3.8,1.26,1.82,1.29,02.12. 21:30,1.0,1.0,0.0
1-niemcy,Mainz,Freiburg,2.24,3.5,3.15,1.38,1.67,1.32,03.12. 15:30,2.0,0.0,1.0
1-niemcy,Leverkusen,Dortmund,1.61,4.6,4.65,1.19,2.32,1.22,03.12. 17:30,0.0,1.0,1.0
1-niemcy,Augsburg,Eint.Frankfurt,2.61,3.55,2.56,1.52,1.5,1.3,03.12. 19:30,1.0,2.0,1.0
1-anglia,Bournemouth,Aston Villa,3.35,3.85,2.01,1.81,1.33,1.26,03.12. 15:00,0.0,2.0,2.0
1-anglia,West Ham,Crystal Palace,2.03,3.5,3.6,1.29,1.79,1.31,03.12. 15:00,0.0,1.0,1.0
1-anglia,Chelsea,Brighton,1.73,4.1,4.2,1.23,2.09,1.24,03.12. 15:00,1.0,3.0,2.0
1-anglia,Liverpool,Fulham,1.24,6.5,10.5,1.05,4.1,1.11,03.12. 15:00,1.0,4.0,3.0
1-anglia,Man.City,Tottenham,1.27,6.4,8.9,1.07,3.8,1.12,03.12. 17:30,0.0,3.0,3.0
1-belgia,Genk,Gent,2.21,3.6,3.05,1.37,1.65,1.28,03.12. 13:30,0.0,2.0,2.0
1-belgia,Mechelen,Truidense,2.14,3.4,3.35,1.31,1.7,1.31,03.12. 16:00,2.0,0.0,2.0
1-belgia,Club Brugge,St.Liege,1.44,4.9,6.2,1.11,2.74,1.17,03.12. 18:30,1.0,2.0,0.0
1-belgia,St.Gilloise,Cercle Brugge,1.63,4.0,5.0,1.16,2.22,1.23,03.12. 19:15,1.0,2.0,1.0
1-francja,Le Havre,PSG,9.1,5.8,1.3,3.55,1.06,1.15,03.12. 13:00,2.0,0.0,2.0
1-francja,Monaco,Montpellier,1.63,4.4,4.65,1.19,2.27,1.23,03.12. 15:00,1.0,2.0,0.0
1-francja,Brest,Clermont,1.78,3.65,4.5,1.21,2.04,1.28,03.12. 15:00,1.0,3.0,0.0
1-francja,Toulouse,Lorient,2.02,3.5,3.65,1.29,1.81,1.32,03.12. 15:00,0.0,1.0,1.0
1-francja,Lille,Metz,1.46,4.55,6.5,1.11,2.74,1.2,03.12. 17:05,1.0,2.0,0.0
1-francja,Marseille,Rennes,1.88,3.7,3.85,1.26,1.92,1.27,03.12. 20:45,1.0,2.0,0.0
1-hiszpania,Mallorca,Alaves,2.46,2.95,3.25,1.35,1.55,1.41,03.12. 14:00,0.0,0.0,0.0
1-hiszpania,Almeria,Betis,3.4,3.65,2.05,1.78,1.33,1.3,03.12. 16:15,0.0,0.0,0.0
1-hiszpania,FC Sevilla,Villarreal,2.11,3.7,3.2,1.36,1.73,1.28,03.12. 18:30,0.0,1.0,1.0
1-hiszpania,Barcelona,Atl. Madryt,1.98,3.75,3.55,1.29,1.83,1.28,03.12. 21:00,1.0,1.0,0.0
1-holandia,Feyenoord,PSV Eindhoven,2.18,3.7,3.05,1.37,1.67,1.27,03.12. 12:15,2.0,1.0,2.0
1-holandia,Nijmegen,Ajax,4.2,4.3,1.7,2.12,1.22,1.21,03.12. 14:30,2.0,1.0,2.0
1-holandia,G.A.Eagles,Tw.Enschede,3.8,3.85,1.87,1.91,1.26,1.25,03.12. 14:30,2.0,1.0,3.0
1-holandia,Utrecht,AZ Alkmaar,3.95,3.8,1.84,1.94,1.24,1.26,03.12. 16:45,0.0,1.0,1.0
1-portugalia,SC Braga,Estoril Praia,1.35,5.4,7.4,1.08,3.1,1.14,03.12. 16:30,1.0,3.0,1.0
1-portugalia,Moreirense FC,SL Benfica,6.4,4.3,1.49,2.57,1.11,1.21,03.12. 19:00,0.0,0.0,0.0
1-portugalia,Boavista FC,FC Arouca,2.11,3.4,3.45,1.3,1.71,1.31,03.12. 21:30,2.0,0.0,4.0
1-hiszpania,Celta Vigo,Cadiz,1.6,3.85,5.6,1.14,2.32,1.26,04.12. 21:00,0.0,1.0,1.0
1-portugalia,Sporting L.,Gil Vicente FC,1.18,7.4,13.0,1.02,4.7,1.08,04.12. 21:15,1.0,3.0,0.0
1-anglia,Wolverhampton,Burnley,1.83,3.7,4.1,1.23,1.97,1.27,05.12. 20:30,1.0,1.0,0.0
1-anglia,Luton Town,Arsenal,11.5,6.7,1.21,4.45,1.03,1.11,05.12. 21:15,2.0,3.0,4.0
1-anglia,Brighton,Brentford,1.92,3.8,3.65,1.29,1.89,1.27,06.12. 20:30,1.0,2.0,1.0
1-anglia,Sheffield Utd.,Liverpool,12.5,8.2,1.16,5.1,1.02,1.07,06.12. 20:30,2.0,0.0,2.0
1-anglia,Fulham,Nottingham,1.98,3.5,3.75,1.27,1.83,1.31,06.12. 20:30,1.0,5.0,0.0
1-anglia,Crystal Palace,Bournemouth,2.26,3.45,3.1,1.37,1.64,1.32,06.12. 20:30,2.0,0.0,2.0
1-anglia,Aston Villa,Man.City,4.3,4.2,1.72,2.14,1.23,1.24,06.12. 21:15,1.0,1.0,0.0
1-anglia,Man.United,Chelsea,2.8,3.55,2.39,1.58,1.44,1.3,06.12. 21:15,1.0,2.0,1.0
1-francja,Marseille,Lyon,1.66,4.1,4.75,1.19,2.23,1.24,06.12. 21:00,1.0,3.0,0.0
liga-europy,Villarreal,Mac.Haifa,1.37,5.2,8.0,1.08,3.15,1.17,06.12. 21:00,0.0,0.0,0.0
1-anglia,Everton,Newcastle,3.1,3.4,2.28,1.63,1.37,1.32,07.12. 20:30,1.0,3.0,0.0
1-anglia,Tottenham,West Ham,1.75,4.0,3.9,1.24,2.02,1.23,07.12. 21:15,2.0,1.0,2.0
1-francja,Brest,Strasbourg,1.81,3.55,4.4,1.21,2.0,1.29,07.12. 20:30,0.0,1.0,1.0
1-holandia,PSV Eindhoven,Heerenveen,1.17,7.6,14.0,1.01,4.95,1.08,07.12. 18:45,1.0,2.0,0.0
1-holandia,Feyenoord,FC Volendam,1.06,12.0,25.0,-1.0,8.1,1.02,07.12. 21:00,1.0,3.0,1.0
1-niemcy,Hoffenheim,Bochum,1.67,4.2,4.5,1.2,2.19,1.23,08.12. 20:30,1.0,3.0,1.0
1-belgia,Kortrijk,Westerlo,2.75,3.45,2.47,1.53,1.44,1.3,08.12. 20:45,2.0,1.0,2.0
1-francja,Montpellier,Lens,3.05,3.5,2.28,1.63,1.39,1.31,08.12. 21:00,0.0,0.0,0.0
1-hiszpania,Getafe,Valencia,2.75,2.8,2.95,1.4,1.45,1.44,08.12. 21:00,1.0,1.0,0.0
1-holandia,Tw.Enschede,SBV Excelsior,1.23,6.4,11.0,1.03,4.05,1.11,08.12. 20:00,1.0,4.0,2.0
1-portugalia,FC Vizela,SC Braga,5.2,4.2,1.58,2.32,1.15,1.21,08.12. 16:30,2.0,1.0,3.0
1-portugalia,SL Benfica,Farense,1.17,7.4,14.0,1.01,4.85,1.08,08.12. 19:00,0.0,1.0,1.0
1-niemcy,Eint.Frankfurt,Bayern M.,8.6,5.9,1.31,3.5,1.08,1.15,09.12. 15:30,1.0,5.0,1.0
1-niemcy,Werder B.,Augsburg,2.42,3.55,2.71,1.45,1.57,1.3,09.12. 15:30,1.0,2.0,0.0
1-niemcy,Wolfsburg,Freiburg,2.22,3.5,2.95,1.38,1.62,1.28,09.12. 15:30,2.0,0.0,1.0
1-niemcy,Heidenheim,Darmstadt 98,2.01,3.55,3.4,1.31,1.77,1.27,09.12. 15:30,1.0,3.0,2.0
1-niemcy,Un. Berlin,M gladbach,2.12,3.5,3.2,1.34,1.69,1.29,09.12. 15:30,1.0,3.0,1.0
1-niemcy,Dortmund,Leipzig,2.47,3.65,2.47,1.51,1.51,1.25,09.12. 18:30,2.0,2.0,3.0
1-anglia,Crystal Palace,Liverpool,5.9,4.55,1.52,2.58,1.15,1.22,09.12. 13:30,2.0,1.0,2.0
1-anglia,Man.United,Bournemouth,1.55,4.45,5.5,1.16,2.48,1.22,09.12. 16:00,2.0,0.0,3.0
1-anglia,Brighton,Burnley,1.52,4.4,6.0,1.13,2.57,1.22,09.12. 16:00,0.0,1.0,1.0
1-anglia,Wolverhampton,Nottingham,1.84,3.6,4.2,1.23,1.97,1.29,09.12. 16:00,0.0,1.0,1.0
1-anglia,Sheffield Utd.,Brentford,4.5,3.7,1.76,2.05,1.2,1.27,09.12. 16:00,1.0,1.0,0.0
1-anglia,Aston Villa,Arsenal,3.25,3.6,2.11,1.72,1.35,1.29,09.12. 18:30,1.0,1.0,0.0
1-belgia,Cercle Brugge,Antwerp,2.7,3.5,2.5,1.52,1.45,1.3,09.12. 16:00,2.0,1.0,3.0
1-belgia,Truidense,Leuven,1.86,3.8,3.85,1.25,1.91,1.25,09.12. 18:15,0.0,1.0,1.0
1-belgia,Gent,Molenbeek,1.35,5.4,7.4,1.08,3.1,1.14,09.12. 20:45,1.0,4.0,0.0
1-francja,Rennes,Monaco,2.45,3.55,2.71,1.47,1.56,1.3,09.12. 17:00,2.0,1.0,2.0
1-francja,PSG,Nantes,1.23,6.9,11.5,1.05,4.35,1.12,09.12. 21:00,1.0,2.0,1.0
1-hiszpania,Alaves,UD L.Palmas,2.06,3.05,4.1,1.24,1.76,1.39,09.12. 14:00,2.0,0.0,1.0
1-hiszpania,Betis,Real M.,4.15,3.95,1.79,2.04,1.24,1.26,09.12. 16:15,0.0,1.0,1.0
1-hiszpania,Villarreal,Real Sociedad,3.3,3.45,2.14,1.69,1.33,1.31,09.12. 18:30,2.0,0.0,3.0
1-hiszpania,Mallorca,FC Sevilla,2.75,2.95,2.8,1.44,1.45,1.4,09.12. 21:00,1.0,1.0,0.0
1-holandia,Ajax,Sparta Rotterdam,1.39,5.2,6.8,1.1,2.95,1.15,09.12. 18:45,1.0,2.0,1.0
1-holandia,Zwolle,Nijmegen,2.34,3.5,2.85,1.4,1.57,1.28,09.12. 20:00,2.0,1.0,3.0
1-holandia,AZ Alkmaar,Almere City,1.19,6.8,13.0,1.01,4.45,1.09,09.12. 21:00,1.0,4.0,1.0
1-portugalia,Portimonense,FC Famalicao,2.95,3.3,2.41,1.56,1.39,1.33,09.12. 16:30,0.0,1.0,1.0
1-portugalia,Vitoria Guimarares,Sporting L.,4.9,4.0,1.65,2.2,1.17,1.23,09.12. 19:00,1.0,3.0,2.0
1-portugalia,FC Porto,Casa Pia,1.24,5.8,12.0,1.02,3.9,1.12,09.12. 21:30,1.0,3.0,1.0
1-niemcy,VFB Stuttgart,Leverkusen,2.85,3.7,2.31,1.62,1.44,1.29,10.12. 15:30,0.0,1.0,1.0
1-niemcy,1.FC Koln,Mainz,2.43,3.45,2.8,1.44,1.56,1.31,10.12. 17:30,0.0,0.0,0.0
1-anglia,Everton,Chelsea,2.95,3.55,2.29,1.63,1.41,1.3,10.12. 15:00,1.0,2.0,0.0
1-anglia,Luton Town,Man.City,16.0,8.2,1.16,5.5,1.02,1.09,10.12. 15:00,2.0,1.0,2.0
1-anglia,Fulham,West Ham,2.37,3.5,2.9,1.42,1.59,1.31,10.12. 15:00,1.0,5.0,0.0
1-anglia,Tottenham,Newcastle,2.18,3.75,3.0,1.39,1.68,1.27,10.12. 17:30,1.0,4.0,1.0
1-belgia,Mechelen,Club Brugge,5.0,4.3,1.6,2.31,1.17,1.21,10.12. 13:30,0.0,0.0,0.0
1-belgia,Eupen,Genk,6.6,5.2,1.39,2.91,1.1,1.15,10.12. 16:00,2.0,1.0,3.0
1-belgia,Anderlecht,St.Liege,1.57,4.2,5.2,1.14,2.32,1.21,10.12. 18:30,0.0,2.0,2.0
1-belgia,Charleroi,St.Gilloise,5.0,4.1,1.62,2.25,1.16,1.22,10.12. 19:15,2.0,1.0,3.0
1-francja,Nice,Reims,1.93,3.5,4.0,1.25,1.88,1.31,10.12. 13:00,1.0,2.0,1.0
1-francja,Strasbourg,Le Havre,2.16,3.2,3.55,1.3,1.69,1.35,10.12. 15:00,1.0,2.0,1.0
1-francja,Clermont,Lille,5.0,3.65,1.71,2.15,1.17,1.29,10.12. 15:00,0.0,0.0,0.0
1-francja,Metz,Brest,3.4,3.25,2.19,1.67,1.32,1.34,10.12. 15:00,2.0,0.0,1.0
1-francja,Lyon,Toulouse,1.93,3.7,3.7,1.28,1.88,1.28,10.12. 17:05,1.0,3.0,0.0
1-francja,Lorient,Marseille,4.35,3.75,1.82,2.03,1.24,1.29,10.12. 20:45,2.0,2.0,4.0
1-hiszpania,Atl. Madryt,Almeria,1.2,7.4,13.0,1.04,4.9,1.11,10.12. 14:00,1.0,2.0,1.0
1-hiszpania,Granada,Bilbao,4.85,4.0,1.65,2.22,1.18,1.24,10.12. 16:15,,,
1-hiszpania,Cadiz,Osasuna,2.9,3.05,2.61,1.5,1.42,1.39,10.12. 18:30,0.0,1.0,1.0
1-hiszpania,Barcelona,Girona,1.5,4.85,5.7,1.15,2.64,1.2,10.12. 21:00,2.0,2.0,4.0
1-holandia,G.A.Eagles,Utrecht,2.14,3.55,3.2,1.34,1.68,1.28,10.12. 12:15,2.0,0.0,2.0
1-holandia,Sittard,Waalwijk,1.93,3.65,3.75,1.26,1.85,1.27,10.12. 14:30,1.0,1.0,0.0
1-holandia,Vitesse Arnhem,Heracles,2.0,3.6,3.55,1.28,1.8,1.28,10.12. 16:45,1.0,2.0,0.0
1-portugalia,Estrela Amadora,Boavista FC,2.3,3.4,3.05,1.37,1.61,1.31,10.12. 16:30,1.0,3.0,1.0
1-portugalia,FC Arouca,Rio Ave,2.2,3.3,3.35,1.32,1.66,1.32,10.12. 19:00,0.0,2.0,2.0
1-portugalia,Estoril Praia,Chaves,1.94,3.65,3.7,1.27,1.84,1.27,10.12. 21:30,1.0,4.0,0.0
1-hiszpania,Vallecano,Celta Vigo,2.4,3.25,3.05,1.39,1.59,1.35,11.12. 21:00,0.0,0.0,0.0
1-portugalia,Gil Vicente FC,Moreirense FC,2.85,3.3,2.44,1.53,1.4,1.31,11.12. 21:15,0.0,1.0,1.0
liga-mistrzow,PSV Eindhoven,Arsenal,2.51,3.65,2.61,1.51,1.54,1.29,12.12. 18:45,0.0,1.0,1.0
liga-mistrzow,Lens,FC Sevilla,1.93,3.6,3.8,1.27,1.88,1.29,12.12. 18:45,1.0,2.0,1.0
liga-mistrzow,Salzburg,SL Benfica,2.85,3.75,2.37,1.62,1.45,1.29,12.12. 21:00,2.0,1.0,3.0
liga-mistrzow,Inter M.,Real Sociedad,1.62,4.2,5.0,1.17,2.29,1.25,12.12. 21:00,,,
liga-mistrzow,FC Kopenhaga,Galatasaray,2.7,3.75,2.41,1.58,1.49,1.28,12.12. 21:00,1.0,1.0,0.0
liga-mistrzow,Man.United,Bayern M.,2.75,4.0,2.25,1.64,1.46,1.25,12.12. 21:00,2.0,0.0,1.0
liga-mistrzow,Napoli,SC Braga,1.49,4.8,6.2,1.14,2.71,1.2,12.12. 21:00,1.0,2.0,0.0
liga-mistrzow,Un. Berlin,Real M.,4.0,4.1,1.84,2.02,1.27,1.26,12.12. 21:00,2.0,2.0,3.0
liga-mistrzow,CZ Belgrad,Man.City,7.5,5.4,1.37,3.2,1.09,1.16,13.12. 18:45,2.0,2.0,3.0
liga-mistrzow,Leipzig,YB Bern,1.33,5.8,7.6,1.1,3.4,1.14,13.12. 18:45,1.0,2.0,1.0
liga-mistrzow,Newcastle,AC Milan,1.88,3.85,3.85,1.26,1.93,1.28,13.12. 21:00,2.0,1.0,2.0
liga-mistrzow,Atl. Madryt,Lazio,1.61,4.1,5.8,1.16,2.4,1.26,13.12. 21:00,1.0,2.0,0.0
liga-mistrzow,Dortmund,PSG,3.8,3.9,1.9,1.93,1.28,1.27,13.12. 21:00,0.0,1.0,1.0
liga-mistrzow,Antwerp,Barcelona,5.0,4.3,1.59,2.35,1.17,1.22,13.12. 21:00,1.0,3.0,2.0
liga-mistrzow,FC Porto,S.Donieck,1.45,4.8,7.0,1.11,2.85,1.2,13.12. 21:00,,,
liga-mistrzow,Celtic,Feyenoord,3.1,3.7,2.23,1.67,1.39,1.3,13.12. 21:00,1.0,2.0,1.0
liga-europy,Panathinaikos,Mac.Haifa,1.64,3.8,5.3,1.16,2.23,1.25,14.12. 18:45,2.0,1.0,2.0
liga-europy,Rennes,Villarreal,2.11,3.6,3.2,1.34,1.71,1.28,14.12. 18:45,2.0,2.0,3.0
liga-europy,LASK,Toulouse,2.16,3.6,3.1,1.35,1.68,1.29,14.12. 18:45,2.0,1.0,2.0
liga-europy,AS Roma,Sheriff Tiraspol,1.16,7.4,15.0,1.01,5.1,1.09,14.12. 18:45,1.0,3.0,0.0
liga-europy,St.Gilloise,Liverpool,2.15,3.75,3.05,1.37,1.7,1.27,14.12. 18:45,1.0,2.0,1.0
liga-europy,Slavia P.,Servette,1.36,4.9,7.9,1.08,3.05,1.16,14.12. 18:45,,,
liga-europy,Leverkusen,Molde,1.35,5.5,7.2,1.09,3.15,1.14,14.12. 18:45,1.0,5.0,1.0
liga-europy,FK Karabach,Hacken,1.33,5.5,7.9,1.08,3.3,1.14,14.12. 18:45,1.0,2.0,1.0
liga-europy,Aris Limassol,Sparta P.,4.05,4.05,1.79,2.03,1.24,1.24,14.12. 21:00,2.0,1.0,3.0
liga-europy,West Ham,Freiburg,1.8,4.05,3.95,1.25,2.0,1.24,14.12. 21:00,1.0,2.0,0.0
liga-europy,Olympiakos,Backa Topola,1.26,5.9,10.0,1.05,3.7,1.12,14.12. 21:00,1.0,5.0,2.0
liga-europy,Ajax,AEK Ateny,1.93,3.9,3.5,1.3,1.86,1.25,14.12. 21:00,1.0,3.0,1.0
liga-europy,Brighton,Marseille,1.65,4.2,4.5,1.19,2.2,1.21,14.12. 21:00,1.0,1.0,0.0
liga-europy,Sporting L.,Sturm Graz,1.67,3.95,4.7,1.17,2.16,1.23,14.12. 21:00,,,
liga-europy,Raków Cz.,A.Bergamo,1.88,3.6,4.05,1.24,1.91,1.28,14.12. 21:00,2.0,0.0,4.0
liga-europy,Betis,Gl.Rangers,1.76,3.9,4.2,1.21,2.04,1.24,14.12. 21:00,,,
1-niemcy,M gladbach,Werder B.,1.9,4.05,3.55,1.3,1.9,1.24,15.12. 20:30,,,
1-anglia,Nottingham,Tottenham,4.5,4.15,1.7,2.18,1.21,1.24,15.12. 21:00,2.0,0.0,2.0
1-belgia,Westerlo,Eupen,1.87,3.7,3.9,1.24,1.9,1.26,15.12. 20:45,1.0,2.0,0.0
1-francja,Monaco,Lyon,1.64,4.4,4.6,1.2,2.28,1.21,15.12. 21:00,2.0,0.0,1.0
1-hiszpania,Osasuna,Vallecano,2.15,3.25,3.6,1.3,1.72,1.35,15.12. 21:00,1.0,1.0,0.0
1-holandia,Nijmegen,Sittard,2.07,3.55,3.4,1.31,1.74,1.29,15.12. 20:00,1.0,4.0,1.0
1-portugalia,Farense,Estrela Amadora,2.05,3.45,3.55,1.29,1.75,1.3,15.12. 21:15,0.0,0.0,0.0
1-niemcy,Augsburg,Dortmund,3.0,3.95,2.13,1.72,1.39,1.25,16.12. 15:30,0.0,1.0,1.0
1-niemcy,Mainz,Heidenheim,1.66,4.2,4.7,1.19,2.25,1.23,16.12. 15:30,2.0,0.0,1.0
1-niemcy,Darmstadt 98,Wolfsburg,3.3,3.6,2.13,1.74,1.34,1.3,16.12. 15:30,2.0,0.0,1.0
1-niemcy,Bochum,Un. Berlin,2.57,3.35,2.72,1.46,1.51,1.33,16.12. 15:30,1.0,3.0,0.0
1-niemcy,Leipzig,Hoffenheim,1.36,5.9,7.2,1.11,3.25,1.15,16.12. 18:30,1.0,3.0,1.0
1-anglia,Newcastle,Fulham,1.84,3.8,4.05,1.24,1.97,1.26,16.12. 16:00,1.0,3.0,0.0
1-anglia,Chelsea,Sheffield Utd.,1.19,7.6,12.0,1.04,4.75,1.09,16.12. 16:00,1.0,2.0,0.0
1-anglia,Bournemouth,Luton Town,1.47,4.7,6.2,1.12,2.71,1.19,16.12. 16:00,0.0,1.0,1.0
1-anglia,Man.City,Crystal Palace,1.19,6.8,15.0,1.02,4.75,1.11,16.12. 16:00,0.0,2.0,2.0
1-anglia,Burnley,Everton,3.35,3.35,2.24,1.69,1.35,1.35,16.12. 18:30,2.0,0.0,2.0
1-belgia,Leuven,Cercle Brugge,4.1,4.1,1.78,2.05,1.24,1.24,16.12. 16:00,2.0,1.0,2.0
1-belgia,Molenbeek,Truidense,3.45,3.4,2.1,1.71,1.29,1.3,16.12. 18:15,1.0,3.0,0.0
1-belgia,St.Liege,Charleroi,2.17,3.45,3.25,1.33,1.67,1.3,16.12. 20:45,0.0,0.0,0.0
1-francja,Le Havre,Nice,4.6,3.2,1.95,1.9,1.22,1.38,16.12. 17:00,1.0,3.0,1.0
1-francja,Lens,Reims,2.3,3.35,3.25,1.37,1.66,1.35,16.12. 21:00,1.0,2.0,0.0
1-hiszpania,Celta Vigo,Granada,1.63,4.05,5.3,1.16,2.31,1.25,16.12. 14:00,1.0,1.0,0.0
1-hiszpania,Bilbao,Atl. Madryt,2.47,3.4,2.77,1.44,1.54,1.31,16.12. 16:15,,,
1-hiszpania,FC Sevilla,Getafe,1.77,3.5,5.3,1.18,2.12,1.33,16.12. 18:30,2.0,0.0,3.0
1-hiszpania,Valencia,Barcelona,5.3,4.2,1.63,2.37,1.18,1.25,16.12. 21:00,0.0,1.0,1.0
1-holandia,Utrecht,Waalwijk,1.7,4.0,4.7,1.19,2.16,1.25,16.12. 16:30,0.0,1.0,1.0
1-holandia,SBV Excelsior,G.A.Eagles,2.8,3.7,2.3,1.59,1.42,1.26,16.12. 18:45,0.0,1.0,1.0
1-holandia,Heerenveen,FC Volendam,1.28,5.8,9.2,1.05,3.55,1.12,16.12. 21:00,2.0,1.0,2.0
1-portugalia,Rio Ave,FC Vizela,2.31,3.25,3.25,1.35,1.63,1.35,16.12. 16:30,0.0,1.0,1.0
1-portugalia,FC Arouca,Gil Vicente FC,1.91,3.45,4.0,1.23,1.85,1.29,16.12. 19:00,1.0,3.0,0.0
1-portugalia,Boavista FC,Vitoria Guimarares,3.9,3.5,1.93,1.84,1.24,1.29,16.12. 21:30,0.0,1.0,1.0
1-niemcy,Freiburg,1.FC Koln,1.86,3.7,4.15,1.24,1.96,1.28,17.12. 15:30,1.0,2.0,0.0
1-niemcy,Leverkusen,Eint.Frankfurt,1.34,5.5,7.9,1.09,3.3,1.15,17.12. 17:30,1.0,3.0,0.0
1-niemcy,Bayern M.,VFB Stuttgart,1.46,5.3,5.7,1.15,2.77,1.16,17.12. 19:30,1.0,3.0,0.0
1-anglia,Brentford,Aston Villa,3.05,3.65,2.2,1.68,1.38,1.28,17.12. 15:00,2.0,1.0,2.0
1-anglia,West Ham,Wolverhampton,2.11,3.6,3.35,1.34,1.75,1.3,17.12. 15:00,1.0,3.0,0.0
1-anglia,Arsenal,Brighton,1.48,4.7,6.0,1.13,2.68,1.19,17.12. 15:00,1.0,2.0,0.0
1-anglia,Liverpool,Man.United,1.31,6.0,8.1,1.09,3.5,1.13,17.12. 17:30,0.0,0.0,0.0
1-belgia,Club Brugge,Gent,1.68,4.0,4.7,1.18,2.16,1.24,17.12. 13:30,1.0,2.0,0.0
1-belgia,St.Gilloise,Mechelen,1.32,5.4,8.6,1.06,3.3,1.14,17.12. 16:00,1.0,1.0,0.0
1-belgia,Antwerp,Anderlecht,1.95,3.6,3.75,1.26,1.84,1.28,17.12. 18:30,0.0,1.0,1.0
1-belgia,Genk,Kortrijk,1.24,6.4,11.0,1.04,4.05,1.11,17.12. 19:15,1.0,4.0,0.0
1-francja,Nantes,Brest,2.62,3.25,2.77,1.46,1.5,1.35,17.12. 13:00,2.0,0.0,2.0
1-francja,Toulouse,Rennes,3.1,3.5,2.24,1.66,1.37,1.31,17.12. 15:00,0.0,0.0,0.0
1-francja,Metz,Montpellier,3.1,3.3,2.33,1.61,1.37,1.34,17.12. 15:00,2.0,0.0,1.0
1-francja,Lorient,Strasbourg,2.52,3.2,2.87,1.42,1.52,1.35,17.12. 15:00,2.0,1.0,2.0
1-francja,Marseille,Clermont,1.44,4.7,6.8,1.1,2.82,1.19,17.12. 17:05,1.0,2.0,1.0
1-francja,Lille,PSG,3.95,3.95,1.84,1.98,1.25,1.25,17.12. 20:45,0.0,1.0,1.0
1-hiszpania,Almeria,Mallorca,2.67,3.2,2.77,1.46,1.49,1.36,17.12. 14:00,0.0,0.0,0.0
1-hiszpania,Real Sociedad,Betis,1.7,3.8,4.9,1.17,2.16,1.26,17.12. 16:15,0.0,0.0,0.0
1-hiszpania,UD L.Palmas,Cadiz,1.93,3.3,4.2,1.22,1.87,1.33,17.12. 18:30,,,
1-hiszpania,Real M.,Villarreal,1.26,6.4,9.4,1.07,3.9,1.11,17.12. 21:00,1.0,4.0,1.0
1-holandia,Almere City,Vitesse Arnhem,2.34,3.5,2.85,1.4,1.57,1.28,17.12. 12:15,1.0,5.0,0.0
1-holandia,Sparta Rotterdam,Tw.Enschede,4.2,3.65,1.83,1.95,1.22,1.27,17.12. 14:30,0.0,2.0,2.0
1-holandia,Heracles,Feyenoord,10.0,6.8,1.22,4.05,1.03,1.09,17.12. 14:30,2.0,0.0,4.0
1-holandia,Ajax,Zwolle,1.27,6.4,9.0,1.06,3.75,1.11,17.12. 16:45,0.0,2.0,2.0
1-holandia,AZ Alkmaar,PSV Eindhoven,4.2,3.75,1.8,1.98,1.22,1.26,17.12. 20:00,2.0,0.0,4.0
1-portugalia,Moreirense FC,Portimonense,1.71,3.7,4.9,1.17,2.11,1.27,17.12. 16:30,1.0,5.0,2.0
1-portugalia,Chaves,Casa Pia,2.75,3.15,2.65,1.47,1.44,1.35,17.12. 16:30,2.0,1.0,3.0
1-portugalia,FC Famalicao,Estoril Praia,2.22,3.35,3.25,1.34,1.65,1.32,17.12. 19:00,0.0,1.0,1.0
1-portugalia,SC Braga,SL Benfica,2.95,3.45,2.32,1.59,1.39,1.3,17.12. 21:30,2.0,0.0,1.0
1-hiszpania,Girona,Alaves,1.56,4.4,5.9,1.15,2.54,1.23,18.12. 21:00,1.0,3.0,0.0
1-portugalia,Sporting L.,FC Porto,2.25,3.35,3.25,1.35,1.65,1.33,18.12. 21:15,1.0,2.0,0.0
1-niemcy,Werder B.,Leipzig,4.9,4.5,1.59,2.38,1.18,1.2,19.12. 18:30,,,
1-niemcy,Dortmund,Mainz,1.53,4.7,5.3,1.16,2.51,1.19,19.12. 20:30,0.0,1.0,1.0
1-niemcy,Hoffenheim,Darmstadt 98,1.49,4.8,5.7,1.14,2.63,1.18,19.12. 20:30,0.0,3.0,3.0
1-hiszpania,Vallecano,Valencia,2.23,3.25,3.35,1.33,1.66,1.34,19.12. 19:00,2.0,0.0,1.0
1-hiszpania,Granada,FC Sevilla,2.82,3.45,2.44,1.56,1.44,1.31,19.12. 21:30,2.0,0.0,3.0
1-hiszpania,Atl. Madryt,Getafe,1.38,4.7,8.5,1.08,3.05,1.19,19.12. 21:30,0.0,3.0,3.0
1-niemcy,Un. Berlin,1.FC Koln,1.92,3.55,3.95,1.25,1.88,1.3,20.12. 18:30,1.0,2.0,0.0
1-niemcy,Wolfsburg,Bayern M.,7.2,5.6,1.36,3.2,1.09,1.15,20.12. 20:30,2.0,1.0,2.0
1-niemcy,Eint.Frankfurt,M gladbach,1.85,4.05,3.85,1.27,1.98,1.25,20.12. 20:30,1.0,2.0,1.0
1-niemcy,VFB Stuttgart,Augsburg,1.36,5.5,7.4,1.1,3.15,1.16,20.12. 20:30,1.0,3.0,0.0
1-niemcy,Heidenheim,Freiburg,2.77,3.55,2.43,1.57,1.45,1.3,20.12. 20:30,1.0,3.0,2.0
1-niemcy,Leverkusen,Bochum,1.18,7.6,13.0,1.03,4.9,1.09,20.12. 20:30,1.0,4.0,0.0
1-belgia,Cercle Brugge,Kortrijk,1.35,5.2,7.8,1.07,3.1,1.15,20.12. 18:30,1.0,3.0,0.0
1-belgia,Mechelen,St.Liege,2.46,3.4,2.8,1.43,1.54,1.31,20.12. 20:45,1.0,3.0,0.0
1-francja,Clermont,Rennes,3.3,3.4,2.19,1.69,1.34,1.32,20.12. 21:00,2.0,1.0,3.0
1-francja,Strasbourg,Lille,3.9,3.5,1.96,1.86,1.26,1.31,20.12. 21:00,1.0,2.0,1.0
1-francja,Brest,Lorient,1.62,3.95,5.5,1.15,2.31,1.25,20.12. 21:00,1.0,4.0,0.0
1-francja,Reims,Le Havre,1.71,3.9,4.8,1.19,2.17,1.26,20.12. 21:00,1.0,1.0,0.0
1-francja,Nice,Lens,2.32,3.2,3.2,1.35,1.62,1.35,20.12. 21:00,1.0,2.0,0.0
1-francja,PSG,Metz,1.14,8.3,15.5,1.01,5.6,1.08,20.12. 21:00,1.0,3.0,1.0
1-francja,Toulouse,Monaco,4.15,3.9,1.8,2.02,1.23,1.25,20.12. 21:00,2.0,1.0,2.0
1-francja,Montpellier,Marseille,3.4,3.7,2.06,1.79,1.33,1.29,20.12. 21:00,0.0,1.0,1.0
1-francja,Lyon,Nantes,1.72,4.05,4.5,1.21,2.15,1.25,20.12. 21:00,1.0,1.0,0.0
1-hiszpania,Barcelona,Almeria,1.15,8.7,15.0,1.03,5.7,1.08,20.12. 19:00,1.0,3.0,2.0
1-hiszpania,Bilbao,UD L.Palmas,1.38,4.9,7.9,1.09,3.05,1.18,20.12. 21:30,1.0,1.0,0.0
1-hiszpania,Villarreal,Celta Vigo,2.42,3.5,2.82,1.44,1.57,1.3,20.12. 21:30,1.0,3.0,2.0
1-anglia,Crystal Palace,Brighton,3.2,3.5,2.2,1.69,1.36,1.31,21.12. 21:00,0.0,1.0,1.0
1-belgia,Gent,Leuven,1.29,6.0,8.6,1.06,3.55,1.12,21.12. 20:45,1.0,4.0,0.0
1-hiszpania,Cadiz,Real Sociedad,4.7,3.45,1.82,2.0,1.19,1.31,21.12. 19:00,0.0,0.0,0.0
1-hiszpania,Betis,Girona,2.77,3.6,2.43,1.57,1.46,1.3,21.12. 19:00,0.0,1.0,1.0
1-hiszpania,Mallorca,Osasuna,2.42,2.91,3.35,1.33,1.57,1.41,21.12. 21:30,1.0,3.0,2.0
1-hiszpania,Alaves,Real M.,5.7,4.15,1.58,2.42,1.14,1.24,21.12. 21:30,2.0,0.0,1.0
1-anglia,Aston Villa,Sheffield Utd.,1.2,6.8,13.0,1.03,4.55,1.1,22.12. 21:00,0.0,1.0,1.0
1-belgia,Molenbeek,Club Brugge,6.6,4.8,1.43,2.78,1.1,1.18,22.12. 20:45,2.0,1.0,6.0
1-anglia,West Ham,Man.United,2.57,3.6,2.62,1.51,1.53,1.3,23.12. 13:30,1.0,2.0,0.0
1-anglia,Nottingham,Bournemouth,2.77,3.45,2.52,1.55,1.47,1.32,23.12. 16:00,2.0,2.0,3.0
1-anglia,Tottenham,Everton,1.8,4.15,3.95,1.25,2.03,1.24,23.12. 16:00,1.0,2.0,1.0
1-anglia,Fulham,Burnley,1.69,3.9,4.9,1.18,2.19,1.26,23.12. 16:00,2.0,0.0,2.0
1-anglia,Luton Town,Newcastle,4.9,4.15,1.65,2.26,1.18,1.24,23.12. 16:00,1.0,1.0,0.0
1-anglia,Liverpool,Arsenal,2.4,3.6,2.77,1.45,1.57,1.29,23.12. 18:30,0.0,1.0,1.0
1-belgia,Eupen,St.Gilloise,11.0,6.2,1.24,3.95,1.03,1.11,23.12. 16:00,2.0,1.0,2.0
1-belgia,Antwerp,Westerlo,1.34,5.4,8.0,1.07,3.2,1.15,23.12. 18:15,0.0,2.0,2.0
1-belgia,Truidense,Charleroi,2.2,3.35,3.25,1.32,1.65,1.31,23.12. 18:15,1.0,1.0,0.0
1-belgia,Anderlecht,Genk,2.23,3.55,3.05,1.37,1.64,1.29,23.12. 20:45,1.0,2.0,1.0
1-hiszpania,Atl. Madryt,FC Sevilla,1.52,4.3,5.8,1.13,2.51,1.21,23.12. 16:15,1.0,1.0,0.0
1-portugalia,FC Vizela,Moreirense FC,2.75,3.25,2.55,1.49,1.43,1.32,23.12. 16:30,0.0,0.0,0.0
1-portugalia,Vitoria Guimarares,Rio Ave,1.68,3.9,4.8,1.17,2.15,1.24,23.12. 16:30,1.0,1.0,0.0
1-anglia,Wolverhampton,Chelsea,3.7,3.7,1.95,1.86,1.28,1.28,24.12. 14:00,1.0,2.0,1.0
1-anglia,Newcastle,Nottingham,1.5,4.3,6.4,1.11,2.61,1.22,26.12. 13:30,2.0,1.0,3.0
1-anglia,Bournemouth,Fulham,2.17,3.65,3.15,1.37,1.71,1.29,26.12. 16:00,1.0,3.0,0.0
1-anglia,Sheffield Utd.,Luton Town,2.41,3.15,3.1,1.37,1.58,1.36,26.12. 16:00,2.0,2.0,3.0
1-anglia,Burnley,Liverpool,7.0,5.5,1.38,3.1,1.1,1.16,26.12. 18:30,2.0,0.0,2.0
1-anglia,Man.United,Aston Villa,2.62,3.6,2.52,1.53,1.49,1.29,26.12. 21:00,1.0,3.0,2.0
1-belgia,Genk,Antwerp,2.15,3.6,3.2,1.35,1.7,1.29,26.12. 13:30,1.0,3.0,0.0
1-belgia,Leuven,Eupen,1.78,4.1,3.95,1.24,2.01,1.23,26.12. 16:00,1.0,3.0,0.0
1-belgia,Kortrijk,Gent,7.6,5.2,1.36,3.1,1.08,1.15,26.12. 16:00,2.0,0.0,2.0
1-belgia,Westerlo,Molenbeek,1.88,3.65,3.95,1.24,1.9,1.27,26.12. 18:30,1.0,3.0,0.0
1-belgia,Club Brugge,St.Gilloise,2.31,3.35,3.0,1.37,1.58,1.31,26.12. 20:45,0.0,1.0,1.0
1-anglia,West Ham,Brighton,2.52,3.6,2.62,1.49,1.53,1.29,02.01. 20:30,0.0,0.0,0.0
1-hiszpania,Getafe,Vallecano,2.42,3.05,3.3,1.36,1.6,1.4,02.01. 17:00,2.0,0.0,2.0
1-hiszpania,Real Sociedad,Alaves,1.6,3.85,6.45,1.13,2.4,1.28,02.01. 19:15,0.0,1.0,1.0
1-hiszpania,Valencia,Villarreal,2.1,3.5,3.65,1.31,1.79,1.33,02.01. 21:30,1.0,3.0,1.0
1-hiszpania,Granada,Cadiz,2.27,3.2,3.35,1.33,1.65,1.36,03.01. 17:00,1.0,2.0,0.0
1-hiszpania,Real M.,Mallorca,1.24,6.0,12.0,1.04,4.15,1.13,03.01. 19:15,1.0,1.0,0.0
1-hiszpania,Celta Vigo,Betis,2.43,3.35,2.91,1.41,1.57,1.33,03.01. 19:15,1.0,2.0,1.0
1-hiszpania,Girona,Atl. Madryt,2.57,3.6,2.57,1.51,1.51,1.29,03.01. 21:30,1.0,4.0,3.0
1-hiszpania,Osasuna,Almeria,1.71,3.8,4.9,1.18,2.16,1.27,04.01. 17:00,,,
1-hiszpania,FC Sevilla,Bilbao,2.96,3.3,2.42,1.57,1.4,1.34,04.01. 19:15,2.0,0.0,2.0
1-hiszpania,UD L.Palmas,Barcelona,5.7,4.3,1.56,2.47,1.15,1.23,04.01. 21:30,,,
1-portugalia,Sporting L.,Estoril Praia,1.24,6.6,10.0,1.04,4.0,1.1,05.01. 19:45,,,
1-portugalia,Boavista FC,FC Porto,6.6,4.6,1.45,2.71,1.1,1.19,05.01. 21:45,0.0,1.0,1.0
1-portugalia,Estrela Amadora,FC Vizela,2.55,3.3,2.75,1.44,1.5,1.32,06.01. 16:30,0.0,1.0,1.0
1-portugalia,Farense,Gil Vicente FC,2.16,3.5,3.2,1.34,1.67,1.29,06.01. 16:30,1.0,1.0,0.0
1-portugalia,FC Arouca,SL Benfica,6.4,4.5,1.46,2.64,1.1,1.19,06.01. 19:00,2.0,0.0,3.0
1-portugalia,SC Braga,Vitoria Guimarares,1.59,4.3,5.0,1.16,2.31,1.21,06.01. 21:30,0.0,1.0,1.0
1-portugalia,Rio Ave,Portimonense,1.81,3.65,4.3,1.21,1.97,1.27,07.01. 19:00,1.0,2.0,0.0
1-portugalia,FC Famalicao,Chaves,1.75,3.7,4.6,1.19,2.05,1.27,07.01. 21:30,0.0,2.0,2.0
1-portugalia,Moreirense FC,Casa Pia,1.93,3.3,4.2,1.22,1.85,1.32,08.01. 21:15,2.0,1.0,4.0
1-niemcy,Bayern M.,Hoffenheim,1.14,9.3,14.0,1.03,5.8,1.07,12.01. 20:30,1.0,3.0,0.0
1-anglia,Burnley,Luton Town,1.98,3.55,3.75,1.28,1.84,1.3,12.01. 20:45,0.0,1.0,1.0
1-francja,Marseille,Strasbourg,1.53,4.3,5.9,1.13,2.51,1.22,12.01. 21:00,0.0,1.0,1.0
1-hiszpania,FC Sevilla,Alaves,1.95,3.3,4.2,1.23,1.87,1.34,12.01. 21:00,2.0,2.0,3.0
1-holandia,Waalwijk,Heracles,1.9,3.65,3.85,1.25,1.87,1.27,12.01. 20:00,2.0,1.0,2.0
1-portugalia,Portimonense,Farense,2.5,3.35,2.75,1.43,1.51,1.31,12.01. 21:15,1.0,1.0,0.0
1-niemcy,Bochum,Werder B.,2.24,3.65,3.0,1.39,1.66,1.29,14.01. 15:30,,,
1-niemcy,M gladbach,VFB Stuttgart,3.6,4.05,1.9,1.91,1.3,1.25,14.01. 17:30,1.0,3.0,1.0
1-anglia,Everton,Aston Villa,2.82,3.5,2.44,1.57,1.44,1.31,14.01. 15:00,0.0,0.0,0.0
1-anglia,Man.United,Tottenham,2.12,3.95,3.05,1.38,1.74,1.26,14.01. 17:30,0.0,2.0,2.0
1-francja,Lille,Lorient,1.33,5.3,9.1,1.07,3.4,1.16,14.01. 13:00,1.0,3.0,0.0
1-francja,Nantes,Clermont,1.98,3.5,3.85,1.27,1.85,1.31,14.01. 15:00,2.0,1.0,2.0
1-francja,Metz,Toulouse,2.87,3.15,2.62,1.51,1.44,1.37,14.01. 15:00,2.0,0.0,1.0
1-francja,Brest,Montpellier,1.88,3.65,4.15,1.24,1.95,1.29,14.01. 15:00,1.0,2.0,0.0
1-francja,Le Havre,Lyon,3.1,3.3,2.34,1.61,1.37,1.34,14.01. 17:05,1.0,3.0,1.0
1-francja,Lens,PSG,3.7,3.95,1.9,1.92,1.29,1.26,14.01. 20:45,2.0,0.0,2.0
1-hiszpania,Almeria,Girona,4.6,4.4,1.65,2.28,1.2,1.22,14.01. 14:00,0.0,0.0,0.0
1-hiszpania,Cadiz,Valencia,2.96,2.96,2.67,1.49,1.41,1.41,14.01. 16:15,2.0,1.0,4.0
1-holandia,FC Volendam,Almere City,2.6,3.55,2.55,1.5,1.48,1.29,14.01. 12:15,2.0,0.0,1.0
1-holandia,G.A.Eagles,Ajax,3.65,4.0,1.86,1.91,1.27,1.23,14.01. 14:30,2.0,2.0,3.0
1-holandia,Vitesse Arnhem,Utrecht,2.9,3.6,2.3,1.61,1.4,1.28,14.01. 14:30,0.0,0.0,0.0
1-holandia,Feyenoord,Nijmegen,1.14,8.2,16.0,-1.0,5.4,1.06,14.01. 16:45,0.0,2.0,2.0
1-portugalia,Gil Vicente FC,Estrela Amadora,2.1,3.45,3.4,1.31,1.71,1.3,14.01. 16:30,0.0,1.0,1.0
1-portugalia,SL Benfica,Rio Ave,1.19,6.8,14.0,1.01,4.6,1.1,14.01. 19:00,1.0,4.0,1.0
1-portugalia,FC Vizela,Boavista FC,2.14,3.2,3.55,1.28,1.68,1.34,14.01. 19:00,2.0,1.0,4.0
1-portugalia,FC Porto,SC Braga,1.76,3.85,4.3,1.21,2.03,1.25,14.01. 21:30,1.0,2.0,0.0
1-portugalia,Vitoria Guimarares,FC Arouca,1.93,3.5,3.95,1.24,1.86,1.3,15.01. 21:15,1.0,2.0,1.0
1-portugalia,FC Famalicao,SC Braga,4.1,3.8,1.82,1.97,1.23,1.26,18.01. 19:45,2.0,1.0,2.0
1-portugalia,FC Vizela,Sporting L.,8.0,5.0,1.36,3.1,1.07,1.16,18.01. 21:45,,,
1-belgia,Gent,Mechelen,1.38,4.9,7.4,1.08,2.95,1.16,19.01. 20:45,2.0,1.0,2.0
1-hiszpania,Alaves,Cadiz,1.81,3.4,4.8,1.18,2.0,1.32,19.01. 21:00,1.0,1.0,0.0
1-holandia,SBV Excelsior,Heerenveen,3.25,3.65,2.1,1.72,1.33,1.27,19.01. 20:00,1.0,3.0,0.0
1-portugalia,SL Benfica,Boavista FC,1.15,7.8,17.0,-1.0,5.3,1.08,19.01. 21:15,1.0,2.0,0.0
1-niemcy,Freiburg,Hoffenheim,2.05,3.8,3.35,1.34,1.8,1.28,20.01. 15:30,1.0,3.0,2.0
1-niemcy,Bochum,VFB Stuttgart,3.55,3.8,1.96,1.85,1.3,1.27,20.01. 15:30,1.0,1.0,0.0
1-niemcy,1.FC Koln,Dortmund,4.3,4.15,1.73,2.13,1.22,1.24,20.01. 15:30,2.0,0.0,4.0
1-niemcy,Heidenheim,Wolfsburg,2.67,3.55,2.52,1.53,1.48,1.3,20.01. 15:30,0.0,1.0,1.0
1-niemcy,Darmstadt 98,Eint.Frankfurt,3.8,3.7,1.92,1.89,1.27,1.28,20.01. 15:30,0.0,2.0,2.0
1-niemcy,Leipzig,Leverkusen,2.44,3.75,2.67,1.48,1.57,1.28,20.01. 18:30,2.0,2.0,3.0
1-anglia,Arsenal,Crystal Palace,1.28,5.5,10.5,1.05,3.65,1.14,20.01. 13:30,1.0,5.0,0.0
1-anglia,Brentford,Nottingham,1.9,3.7,3.9,1.26,1.9,1.28,20.01. 18:30,1.0,3.0,2.0
1-belgia,Genk,Cercle Brugge,1.86,3.9,3.75,1.26,1.91,1.24,20.01. 16:00,0.0,1.0,1.0
1-belgia,St.Liege,Kortrijk,1.56,4.1,5.6,1.13,2.37,1.22,20.01. 18:15,2.0,0.0,1.0
1-belgia,Club Brugge,Westerlo,1.29,5.8,9.0,1.06,3.55,1.13,20.01. 20:45,1.0,3.0,0.0
1-hiszpania,Vallecano,UD L.Palmas,1.9,3.35,4.4,1.22,1.92,1.34,20.01. 14:00,,,
1-hiszpania,Villarreal,Mallorca,2.11,3.45,3.5,1.31,1.75,1.32,20.01. 16:15,0.0,1.0,1.0
1-hiszpania,Valencia,Bilbao,3.3,3.3,2.23,1.67,1.34,1.34,20.01. 18:30,1.0,1.0,0.0
1-hiszpania,Celta Vigo,Real Sociedad,3.2,3.05,2.42,1.58,1.36,1.38,20.01. 21:00,2.0,0.0,1.0
1-holandia,Nijmegen,Tw.Enschede,4.1,3.8,1.81,1.97,1.23,1.26,20.01. 16:30,,,
1-holandia,Heracles,FC Volendam,1.72,4.0,4.3,1.2,2.07,1.23,20.01. 18:45,0.0,1.0,1.0
1-holandia,AZ Alkmaar,Zwolle,1.35,5.2,7.6,1.07,3.1,1.15,20.01. 20:00,0.0,2.0,2.0
1-holandia,Almere City,Sittard,2.37,3.45,2.85,1.4,1.56,1.29,20.01. 21:00,,,
1-portugalia,Estoril Praia,FC Arouca,2.42,3.35,2.85,1.41,1.54,1.31,20.01. 16:30,2.0,1.0,2.0
1-portugalia,Casa Pia,Farense,2.24,3.3,3.2,1.33,1.62,1.32,20.01. 19:00,2.0,1.0,3.0
1-portugalia,FC Porto,Moreirense FC,1.28,5.4,10.0,1.03,3.5,1.13,20.01. 21:30,1.0,5.0,0.0
1-niemcy,Bayern M.,Werder B.,1.09,11.0,23.0,-1.0,7.8,1.04,21.01. 15:30,,,
1-niemcy,M gladbach,Augsburg,1.88,3.9,3.8,1.27,1.93,1.26,21.01. 17:30,2.0,1.0,2.0
1-anglia,Sheffield Utd.,West Ham,3.35,3.3,2.22,1.68,1.33,1.34,21.01. 15:00,0.0,2.0,2.0
1-anglia,Bournemouth,Liverpool,4.15,4.3,1.73,2.13,1.24,1.22,21.01. 17:30,2.0,0.0,4.0
1-belgia,Antwerp,Charleroi,1.64,4.0,5.0,1.16,2.22,1.23,21.01. 13:30,1.0,4.0,1.0
1-belgia,St.Gilloise,Truidense,1.4,4.7,7.4,1.08,2.87,1.18,21.01. 16:00,1.0,2.0,1.0
1-belgia,Leuven,Anderlecht,4.9,4.0,1.65,2.2,1.17,1.23,21.01. 18:30,0.0,1.0,1.0
1-belgia,Molenbeek,Eupen,1.9,3.65,3.85,1.25,1.87,1.27,21.01. 19:15,,,
1-hiszpania,Osasuna,Getafe,2.21,3.05,3.65,1.29,1.68,1.38,21.01. 14:00,1.0,3.0,2.0
1-hiszpania,Real M.,Almeria,1.15,8.5,15.0,1.02,5.6,1.08,21.01. 16:15,1.0,3.0,2.0
1-hiszpania,Betis,Barcelona,4.05,3.9,1.83,1.99,1.25,1.26,21.01. 18:30,2.0,2.0,4.0
1-hiszpania,Girona,FC Sevilla,1.72,4.05,4.5,1.21,2.15,1.25,21.01. 21:00,1.0,5.0,1.0
1-holandia,Utrecht,PSV Eindhoven,8.0,5.6,1.32,3.3,1.07,1.13,21.01. 12:15,,,
1-holandia,Vitesse Arnhem,Feyenoord,11.0,6.6,1.22,4.15,1.03,1.1,21.01. 14:30,2.0,1.0,2.0
1-holandia,Sparta Rotterdam,G.A.Eagles,2.2,3.55,3.1,1.35,1.65,1.28,21.01. 14:30,2.0,0.0,2.0
1-holandia,Ajax,Waalwijk,1.24,6.6,9.8,1.04,3.95,1.1,21.01. 16:45,1.0,4.0,1.0
1-portugalia,Portimonense,Gil Vicente FC,2.48,3.3,2.8,1.42,1.51,1.32,21.01. 16:30,2.0,0.0,2.0
1-portugalia,Chaves,Rio Ave,3.1,3.25,2.32,1.59,1.35,1.33,21.01. 19:00,0.0,0.0,0.0
1-portugalia,Vitoria Guimarares,Estrela Amadora,1.61,3.85,5.6,1.14,2.28,1.25,21.01. 21:30,1.0,3.0,0.0
1-anglia,Brighton,Wolverhampton,1.65,4.2,4.9,1.19,2.29,1.24,22.01. 20:45,0.0,0.0,0.0
1-hiszpania,Granada,Atl. Madryt,4.6,3.95,1.72,2.14,1.2,1.25,22.01. 21:00,2.0,0.0,1.0
1-niemcy,Bayern M.,Un. Berlin,1.14,8.3,16.5,1.01,5.7,1.08,24.01. 20:30,1.0,1.0,0.0
1-holandia,Almere City,Sittard,2.47,3.45,2.75,1.44,1.53,1.3,24.01. 18:45,0.0,0.0,0.0
1-niemcy,Eint.Frankfurt,Mainz,2.04,3.6,3.55,1.31,1.8,1.3,26.01. 20:30,,,
1-belgia,Cercle Brugge,St.Liege,1.54,4.2,5.6,1.13,2.4,1.21,26.01. 20:45,,,
1-francja,Lyon,Rennes,2.52,3.35,2.82,1.45,1.54,1.34,26.01. 21:00,,,
1-hiszpania,Almeria,Alaves,2.62,3.2,2.82,1.45,1.51,1.36,26.01. 21:00,,,
1-holandia,Zwolle,Vitesse Arnhem,1.93,3.5,3.9,1.24,1.84,1.29,26.01. 20:00,,,
